Program,Year,Period,Week Ending,Geo Level,State,State Abbr,State ANSI,Ag District,Ag District Code,County,County ANSI,Zip Code,Region,watershed_code,Watershed,Commodity,Data Item,Domain,Domain Category,Value,CV (%)
SURVEY,2020,JAN THRU MAR,,STATE,ALABAMA,AL,1,,,,,,,0,,HONEY,"HONEY, BEE COLONIES - LOSS, COLONY COLLAPSE DISORDER, MEASURED IN COLONIES",TOTAL,NOT SPECIFIED,70,
SURVEY,2020,JAN THRU MAR,,STATE,ALABAMA,AL,1,,,,,,,0,,HONEY,"HONEY, BEE COLONIES - LOSS, DEADOUT, MEASURED IN COLONIES",TOTAL,NOT SPECIFIED,410,
SURVEY,2020,APR THRU JUN,,STATE,ALABAMA,AL,1,,,,,,,0,,HONEY,"HONEY, BEE COLONIES - LOSS, COLONY COLLAPSE DISORDER, MEASURED IN COLONIES",TOTAL,NOT SPECIFIED,410,
SURVEY,2020,APR THRU JUN,,STATE,ALABAMA,AL,1,,,,,,,0,,HONEY,"HONEY, BEE COLONIES - LOSS, DEADOUT, MEASURED IN COLONIES",TOTAL,NOT SPECIFIED,"4,100",
SURVEY,2019,JAN THRU MAR,,STATE,ALABAMA,AL,1,,,,,,,0,,HONEY,"HONEY, BEE COLONIES - LOSS, COLONY COLLAPSE DISORDER, MEASURED IN COLONIES",TOTAL,NOT SPECIFIED,140,
SURVEY,2019,JAN THRU MAR,,STATE,ALABAMA,AL,1,,,,,,,0,,HONEY,"HONEY, BEE COLONIES - LOSS, DEADOUT, MEASURED IN COLONIES",TOTAL,NOT SPECIFIED,650,
SURVEY,2019,JUL THRU SEP,,STATE,ALABAMA,AL,1,,,,,,,0,,HONEY,"HONEY, BEE COLONIES - LOSS, COLONY COLLAPSE DISORDER, MEASURED IN COLONIES",TOTAL,NOT SPECIFIED,180,
SURVEY,2019,JUL THRU SEP,,STATE,ALABAMA,AL,1,,,,,,,0,,HONEY,"HONEY, BEE COLONIES - LOSS, DEADOUT, MEASURED IN COLONIES",TOTAL,NOT SPECIFIED,990,
SURVEY,2019,OCT THRU DEC,,STATE,ALABAMA,AL,1,,,,,,,0,,HONEY,"HONEY, BEE COLONIES - LOSS, COLONY COLLAPSE DISORDER, MEASURED IN COLONIES",TOTAL,NOT SPECIFIED,110,
SURVEY,2019,OCT THRU DEC,,STATE,ALABAMA,AL,1,,,,,,,0,,HONEY,"HONEY, BEE COLONIES - LOSS, DEADOUT, MEASURED IN COLONIES",TOTAL,NOT SPECIFIED,660,
SURVEY,2020,JAN THRU MAR,,STATE,ARIZONA,AZ,4,,,,,,,0,,HONEY,"HONEY, BEE COLONIES - LOSS, COLONY COLLAPSE DISORDER, MEASURED IN COLONIES",TOTAL,NOT SPECIFIED,"4,300",
SURVEY,2020,JAN THRU MAR,,STATE,ARIZONA,AZ,4,,,,,,,0,,HONEY,"HONEY, BEE COLONIES - LOSS, DEADOUT, MEASURED IN COLONIES",TOTAL,NOT SPECIFIED,"6,500",
SURVEY,2020,APR THRU JUN,,STATE,ARIZONA,AZ,4,,,,,,,0,,HONEY,"HONEY, BEE COLONIES - LOSS, COLONY COLLAPSE DISORDER, MEASURED IN COLONIES",TOTAL,NOT SPECIFIED,170,
SURVEY,2020,APR THRU JUN,,STATE,ARIZONA,AZ,4,,,,,,,0,,HONEY,"HONEY, BEE COLONIES - LOSS, DEADOUT, MEASURED IN COLONIES",TOTAL,NOT SPECIFIED,"1,300",
SURVEY,2019,JAN THRU MAR,,STATE,ARIZONA,AZ,4,,,,,,,0,,HONEY,"HONEY, BEE COLONIES - LOSS, COLONY COLLAPSE DISORDER, MEASURED IN COLONIES",TOTAL,NOT SPECIFIED,"1,500",
SURVEY,2019,JAN THRU MAR,,STATE,ARIZONA,AZ,4,,,,,,,0,,HONEY,"HONEY, BEE COLONIES - LOSS, DEADOUT, MEASURED IN COLONIES",TOTAL,NOT SPECIFIED,"2,500",
SURVEY,2019,JUL THRU SEP,,STATE,ARIZONA,AZ,4,,,,,,,0,,HONEY,"HONEY, BEE COLONIES - LOSS, COLONY COLLAPSE DISORDER, MEASURED IN COLONIES",TOTAL,NOT SPECIFIED,770,
SURVEY,2019,JUL THRU SEP,,STATE,ARIZONA,AZ,4,,,,,,,0,,HONEY,"HONEY, BEE COLONIES - LOSS, DEADOUT, MEASURED IN COLONIES",TOTAL,NOT SPECIFIED,"2,000",
SURVEY,2019,OCT THRU DEC,,STATE,ARIZONA,AZ,4,,,,,,,0,,HONEY,"HONEY, BEE COLONIES - LOSS, COLONY COLLAPSE DISORDER, MEASURED IN COLONIES",TOTAL,NOT SPECIFIED,"3,400",
SURVEY,2019,OCT THRU DEC,,STATE,ARIZONA,AZ,4,,,,,,,0,,HONEY,"HONEY, BEE COLONIES - LOSS, DEADOUT, MEASURED IN COLONIES",TOTAL,NOT SPECIFIED,"7,000",
SURVEY,2020,JAN THRU MAR,,STATE,ARKANSAS,AR,5,,,,,,,0,,HONEY,"HONEY, BEE COLONIES - LOSS, COLONY COLLAPSE DISORDER, MEASURED IN COLONIES",TOTAL,NOT SPECIFIED,390,
SURVEY,2020,JAN THRU MAR,,STATE,ARKANSAS,AR,5,,,,,,,0,,HONEY,"HONEY, BEE COLONIES - LOSS, DEADOUT, MEASURED IN COLONIES",TOTAL,NOT SPECIFIED,"1,200",
SURVEY,2020,APR THRU JUN,,STATE,ARKANSAS,AR,5,,,,,,,0,,HONEY,"HONEY, BEE COLONIES - LOSS, COLONY COLLAPSE DISORDER, MEASURED IN COLONIES",TOTAL,NOT SPECIFIED,900,
SURVEY,2020,APR THRU JUN,,STATE,ARKANSAS,AR,5,,,,,,,0,,HONEY,"HONEY, BEE COLONIES - LOSS, DEADOUT, MEASURED IN COLONIES",TOTAL,NOT SPECIFIED,"1,900",
SURVEY,2019,JAN THRU MAR,,STATE,ARKANSAS,AR,5,,,,,,,0,,HONEY,"HONEY, BEE COLONIES - LOSS, COLONY COLLAPSE DISORDER, MEASURED IN COLONIES",TOTAL,NOT SPECIFIED,320,
SURVEY,2019,JAN THRU MAR,,STATE,ARKANSAS,AR,5,,,,,,,0,,HONEY,"HONEY, BEE COLONIES - LOSS, DEADOUT, MEASURED IN COLONIES",TOTAL,NOT SPECIFIED,"6,500",
SURVEY,2019,JUL THRU SEP,,STATE,ARKANSAS,AR,5,,,,,,,0,,HONEY,"HONEY, BEE COLONIES - LOSS, COLONY COLLAPSE DISORDER, MEASURED IN COLONIES",TOTAL,NOT SPECIFIED,990,
SURVEY,2019,JUL THRU SEP,,STATE,ARKANSAS,AR,5,,,,,,,0,,HONEY,"HONEY, BEE COLONIES - LOSS, DEADOUT, MEASURED IN COLONIES",TOTAL,NOT SPECIFIED,"2,100",
SURVEY,2019,OCT THRU DEC,,STATE,ARKANSAS,AR,5,,,,,,,0,,HONEY,"HONEY, BEE COLONIES - LOSS, COLONY COLLAPSE DISORDER, MEASURED IN COLONIES",TOTAL,NOT SPECIFIED,560,
SURVEY,2019,OCT THRU DEC,,STATE,ARKANSAS,AR,5,,,,,,,0,,HONEY,"HONEY, BEE COLONIES - LOSS, DEADOUT, MEASURED IN COLONIES",TOTAL,NOT SPECIFIED,"1,600",
SURVEY,2020,JAN THRU MAR,,STATE,CALIFORNIA,CA,6,,,,,,,0,,HONEY,"HONEY, BEE COLONIES - LOSS, COLONY COLLAPSE DISORDER, MEASURED IN COLONIES",TOTAL,NOT SPECIFIED,"19,000",
SURVEY,2020,JAN THRU MAR,,STATE,CALIFORNIA,CA,6,,,,,,,0,,HONEY,"HONEY, BEE COLONIES - LOSS, DEADOUT, MEASURED IN COLONIES",TOTAL,NOT SPECIFIED,"230,000",
SURVEY,2020,APR THRU JUN,,STATE,CALIFORNIA,CA,6,,,,,,,0,,HONEY,"HONEY, BEE COLONIES - LOSS, COLONY COLLAPSE DISORDER, MEASURED IN COLONIES",TOTAL,NOT SPECIFIED,"3,200",
SURVEY,2020,APR THRU JUN,,STATE,CALIFORNIA,CA,6,,,,,,,0,,HONEY,"HONEY, BEE COLONIES - LOSS, DEADOUT, MEASURED IN COLONIES",TOTAL,NOT SPECIFIED,"74,000",
SURVEY,2019,JAN THRU MAR,,STATE,CALIFORNIA,CA,6,,,,,,,0,,HONEY,"HONEY, BEE COLONIES - LOSS, COLONY COLLAPSE DISORDER, MEASURED IN COLONIES",TOTAL,NOT SPECIFIED,"14,000",
SURVEY,2019,JAN THRU MAR,,STATE,CALIFORNIA,CA,6,,,,,,,0,,HONEY,"HONEY, BEE COLONIES - LOSS, DEADOUT, MEASURED IN COLONIES",TOTAL,NOT SPECIFIED,"235,000",
SURVEY,2019,JUL THRU SEP,,STATE,CALIFORNIA,CA,6,,,,,,,0,,HONEY,"HONEY, BEE COLONIES - LOSS, COLONY COLLAPSE DISORDER, MEASURED IN COLONIES",TOTAL,NOT SPECIFIED,"12,000",
SURVEY,2019,JUL THRU SEP,,STATE,CALIFORNIA,CA,6,,,,,,,0,,HONEY,"HONEY, BEE COLONIES - LOSS, DEADOUT, MEASURED IN COLONIES",TOTAL,NOT SPECIFIED,"93,000",
SURVEY,2019,OCT THRU DEC,,STATE,CALIFORNIA,CA,6,,,,,,,0,,HONEY,"HONEY, BEE COLONIES - LOSS, COLONY COLLAPSE DISORDER, MEASURED IN COLONIES",TOTAL,NOT SPECIFIED,"18,500",
SURVEY,2019,OCT THRU DEC,,STATE,CALIFORNIA,CA,6,,,,,,,0,,HONEY,"HONEY, BEE COLONIES - LOSS, DEADOUT, MEASURED IN COLONIES",TOTAL,NOT SPECIFIED,"136,000",
SURVEY,2020,JAN THRU MAR,,STATE,COLORADO,CO,8,,,,,,,0,,HONEY,"HONEY, BEE COLONIES - LOSS, COLONY COLLAPSE DISORDER, MEASURED IN COLONIES",TOTAL,NOT SPECIFIED,620,
SURVEY,2020,JAN THRU MAR,,STATE,COLORADO,CO,8,,,,,,,0,,HONEY,"HONEY, BEE COLONIES - LOSS, DEADOUT, MEASURED IN COLONIES",TOTAL,NOT SPECIFIED,650,
SURVEY,2020,APR THRU JUN,,STATE,COLORADO,CO,8,,,,,,,0,,HONEY,"HONEY, BEE COLONIES - LOSS, COLONY COLLAPSE DISORDER, MEASURED IN COLONIES",TOTAL,NOT SPECIFIED,310,
SURVEY,2020,APR THRU JUN,,STATE,COLORADO,CO,8,,,,,,,0,,HONEY,"HONEY, BEE COLONIES - LOSS, DEADOUT, MEASURED IN COLONIES",TOTAL,NOT SPECIFIED,"2,100",
SURVEY,2019,JAN THRU MAR,,STATE,COLORADO,CO,8,,,,,,,0,,HONEY,"HONEY, BEE COLONIES - LOSS, COLONY COLLAPSE DISORDER, MEASURED IN COLONIES",TOTAL,NOT SPECIFIED,"1,500",
SURVEY,2019,JAN THRU MAR,,STATE,COLORADO,CO,8,,,,,,,0,,HONEY,"HONEY, BEE COLONIES - LOSS, DEADOUT, MEASURED IN COLONIES",TOTAL,NOT SPECIFIED,320,
SURVEY,2019,JUL THRU SEP,,STATE,COLORADO,CO,8,,,,,,,0,,HONEY,"HONEY, BEE COLONIES - LOSS, COLONY COLLAPSE DISORDER, MEASURED IN COLONIES",TOTAL,NOT SPECIFIED,"1,700",
SURVEY,2019,JUL THRU SEP,,STATE,COLORADO,CO,8,,,,,,,0,,HONEY,"HONEY, BEE COLONIES - LOSS, DEADOUT, MEASURED IN COLONIES",TOTAL,NOT SPECIFIED,"9,500",
SURVEY,2019,OCT THRU DEC,,STATE,COLORADO,CO,8,,,,,,,0,,HONEY,"HONEY, BEE COLONIES - LOSS, COLONY COLLAPSE DISORDER, MEASURED IN COLONIES",TOTAL,NOT SPECIFIED,"1,400",
SURVEY,2019,OCT THRU DEC,,STATE,COLORADO,CO,8,,,,,,,0,,HONEY,"HONEY, BEE COLONIES - LOSS, DEADOUT, MEASURED IN COLONIES",TOTAL,NOT SPECIFIED,"8,000",
SURVEY,2020,JAN THRU MAR,,STATE,CONNECTICUT,CT,9,,,,,,,0,,HONEY,"HONEY, BEE COLONIES - LOSS, COLONY COLLAPSE DISORDER, MEASURED IN COLONIES",TOTAL,NOT SPECIFIED,10,
SURVEY,2020,JAN THRU MAR,,STATE,CONNECTICUT,CT,9,,,,,,,0,,HONEY,"HONEY, BEE COLONIES - LOSS, DEADOUT, MEASURED IN COLONIES",TOTAL,NOT SPECIFIED,330,
SURVEY,2020,APR THRU JUN,,STATE,CONNECTICUT,CT,9,,,,,,,0,,HONEY,"HONEY, BEE COLONIES - LOSS, COLONY COLLAPSE DISORDER, MEASURED IN COLONIES",TOTAL,NOT SPECIFIED,0,
SURVEY,2020,APR THRU JUN,,STATE,CONNECTICUT,CT,9,,,,,,,0,,HONEY,"HONEY, BEE COLONIES - LOSS, DEADOUT, MEASURED IN COLONIES",TOTAL,NOT SPECIFIED,30,
SURVEY,2019,JAN THRU MAR,,STATE,CONNECTICUT,CT,9,,,,,,,0,,HONEY,"HONEY, BEE COLONIES - LOSS, COLONY COLLAPSE DISORDER, MEASURED IN COLONIES",TOTAL,NOT SPECIFIED,90,
SURVEY,2019,JAN THRU MAR,,STATE,CONNECTICUT,CT,9,,,,,,,0,,HONEY,"HONEY, BEE COLONIES - LOSS, DEADOUT, MEASURED IN COLONIES",TOTAL,NOT SPECIFIED,270,
SURVEY,2019,JUL THRU SEP,,STATE,CONNECTICUT,CT,9,,,,,,,0,,HONEY,"HONEY, BEE COLONIES - LOSS, COLONY COLLAPSE DISORDER, MEASURED IN COLONIES",TOTAL,NOT SPECIFIED,20,
SURVEY,2019,JUL THRU SEP,,STATE,CONNECTICUT,CT,9,,,,,,,0,,HONEY,"HONEY, BEE COLONIES - LOSS, DEADOUT, MEASURED IN COLONIES",TOTAL,NOT SPECIFIED,200,
SURVEY,2019,OCT THRU DEC,,STATE,CONNECTICUT,CT,9,,,,,,,0,,HONEY,"HONEY, BEE COLONIES - LOSS, COLONY COLLAPSE DISORDER, MEASURED IN COLONIES",TOTAL,NOT SPECIFIED,10,
SURVEY,2019,OCT THRU DEC,,STATE,CONNECTICUT,CT,9,,,,,,,0,,HONEY,"HONEY, BEE COLONIES - LOSS, DEADOUT, MEASURED IN COLONIES",TOTAL,NOT SPECIFIED,300,
SURVEY,2020,JAN THRU MAR,,STATE,FLORIDA,FL,12,,,,,,,0,,HONEY,"HONEY, BEE COLONIES - LOSS, COLONY COLLAPSE DISORDER, MEASURED IN COLONIES",TOTAL,NOT SPECIFIED,"11,500",
SURVEY,2020,JAN THRU MAR,,STATE,FLORIDA,FL,12,,,,,,,0,,HONEY,"HONEY, BEE COLONIES - LOSS, DEADOUT, MEASURED IN COLONIES",TOTAL,NOT SPECIFIED,"30,000",
SURVEY,2020,APR THRU JUN,,STATE,FLORIDA,FL,12,,,,,,,0,,HONEY,"HONEY, BEE COLONIES - LOSS, COLONY COLLAPSE DISORDER, MEASURED IN COLONIES",TOTAL,NOT SPECIFIED,"19,500",
SURVEY,2020,APR THRU JUN,,STATE,FLORIDA,FL,12,,,,,,,0,,HONEY,"HONEY, BEE COLONIES - LOSS, DEADOUT, MEASURED IN COLONIES",TOTAL,NOT SPECIFIED,"39,000",
SURVEY,2019,JAN THRU MAR,,STATE,FLORIDA,FL,12,,,,,,,0,,HONEY,"HONEY, BEE COLONIES - LOSS, COLONY COLLAPSE DISORDER, MEASURED IN COLONIES",TOTAL,NOT SPECIFIED,"3,900",
SURVEY,2019,JAN THRU MAR,,STATE,FLORIDA,FL,12,,,,,,,0,,HONEY,"HONEY, BEE COLONIES - LOSS, DEADOUT, MEASURED IN COLONIES",TOTAL,NOT SPECIFIED,"46,000",
SURVEY,2019,JUL THRU SEP,,STATE,FLORIDA,FL,12,,,,,,,0,,HONEY,"HONEY, BEE COLONIES - LOSS, COLONY COLLAPSE DISORDER, MEASURED IN COLONIES",TOTAL,NOT SPECIFIED,"6,000",
SURVEY,2019,JUL THRU SEP,,STATE,FLORIDA,FL,12,,,,,,,0,,HONEY,"HONEY, BEE COLONIES - LOSS, DEADOUT, MEASURED IN COLONIES",TOTAL,NOT SPECIFIED,"20,000",
SURVEY,2019,OCT THRU DEC,,STATE,FLORIDA,FL,12,,,,,,,0,,HONEY,"HONEY, BEE COLONIES - LOSS, COLONY COLLAPSE DISORDER, MEASURED IN COLONIES",TOTAL,NOT SPECIFIED,"10,000",
SURVEY,2019,OCT THRU DEC,,STATE,FLORIDA,FL,12,,,,,,,0,,HONEY,"HONEY, BEE COLONIES - LOSS, DEADOUT, MEASURED IN COLONIES",TOTAL,NOT SPECIFIED,"30,000",
SURVEY,2020,JAN THRU MAR,,STATE,GEORGIA,GA,13,,,,,,,0,,HONEY,"HONEY, BEE COLONIES - LOSS, COLONY COLLAPSE DISORDER, MEASURED IN COLONIES",TOTAL,NOT SPECIFIED,"8,500",
SURVEY,2020,JAN THRU MAR,,STATE,GEORGIA,GA,13,,,,,,,0,,HONEY,"HONEY, BEE COLONIES - LOSS, DEADOUT, MEASURED IN COLONIES",TOTAL,NOT SPECIFIED,"14,500",
SURVEY,2020,APR THRU JUN,,STATE,GEORGIA,GA,13,,,,,,,0,,HONEY,"HONEY, BEE COLONIES - LOSS, COLONY COLLAPSE DISORDER, MEASURED IN COLONIES",TOTAL,NOT SPECIFIED,"3,300",
SURVEY,2020,APR THRU JUN,,STATE,GEORGIA,GA,13,,,,,,,0,,HONEY,"HONEY, BEE COLONIES - LOSS, DEADOUT, MEASURED IN COLONIES",TOTAL,NOT SPECIFIED,"10,000",
SURVEY,2019,JAN THRU MAR,,STATE,GEORGIA,GA,13,,,,,,,0,,HONEY,"HONEY, BEE COLONIES - LOSS, COLONY COLLAPSE DISORDER, MEASURED IN COLONIES",TOTAL,NOT SPECIFIED,"2,300",
SURVEY,2019,JAN THRU MAR,,STATE,GEORGIA,GA,13,,,,,,,0,,HONEY,"HONEY, BEE COLONIES - LOSS, DEADOUT, MEASURED IN COLONIES",TOTAL,NOT SPECIFIED,"14,500",
SURVEY,2019,JUL THRU SEP,,STATE,GEORGIA,GA,13,,,,,,,0,,HONEY,"HONEY, BEE COLONIES - LOSS, COLONY COLLAPSE DISORDER, MEASURED IN COLONIES",TOTAL,NOT SPECIFIED,"8,500",
SURVEY,2019,JUL THRU SEP,,STATE,GEORGIA,GA,13,,,,,,,0,,HONEY,"HONEY, BEE COLONIES - LOSS, DEADOUT, MEASURED IN COLONIES",TOTAL,NOT SPECIFIED,"13,000",
SURVEY,2019,OCT THRU DEC,,STATE,GEORGIA,GA,13,,,,,,,0,,HONEY,"HONEY, BEE COLONIES - LOSS, COLONY COLLAPSE DISORDER, MEASURED IN COLONIES",TOTAL,NOT SPECIFIED,"11,000",
SURVEY,2019,OCT THRU DEC,,STATE,GEORGIA,GA,13,,,,,,,0,,HONEY,"HONEY, BEE COLONIES - LOSS, DEADOUT, MEASURED IN COLONIES",TOTAL,NOT SPECIFIED,"20,000",
SURVEY,2020,JAN THRU MAR,,STATE,HAWAII,HI,15,,,,,,,0,,HONEY,"HONEY, BEE COLONIES - LOSS, COLONY COLLAPSE DISORDER, MEASURED IN COLONIES",TOTAL,NOT SPECIFIED,260,
SURVEY,2020,JAN THRU MAR,,STATE,HAWAII,HI,15,,,,,,,0,,HONEY,"HONEY, BEE COLONIES - LOSS, DEADOUT, MEASURED IN COLONIES",TOTAL,NOT SPECIFIED,"1,500",
SURVEY,2020,APR THRU JUN,,STATE,HAWAII,HI,15,,,,,,,0,,HONEY,"HONEY, BEE COLONIES - LOSS, COLONY COLLAPSE DISORDER, MEASURED IN COLONIES",TOTAL,NOT SPECIFIED,0,
SURVEY,2020,APR THRU JUN,,STATE,HAWAII,HI,15,,,,,,,0,,HONEY,"HONEY, BEE COLONIES - LOSS, DEADOUT, MEASURED IN COLONIES",TOTAL,NOT SPECIFIED,40,
SURVEY,2019,JAN THRU MAR,,STATE,HAWAII,HI,15,,,,,,,0,,HONEY,"HONEY, BEE COLONIES - LOSS, COLONY COLLAPSE DISORDER, MEASURED IN COLONIES",TOTAL,NOT SPECIFIED,80,
SURVEY,2019,JAN THRU MAR,,STATE,HAWAII,HI,15,,,,,,,0,,HONEY,"HONEY, BEE COLONIES - LOSS, DEADOUT, MEASURED IN COLONIES",TOTAL,NOT SPECIFIED,390,
SURVEY,2019,JUL THRU SEP,,STATE,HAWAII,HI,15,,,,,,,0,,HONEY,"HONEY, BEE COLONIES - LOSS, COLONY COLLAPSE DISORDER, MEASURED IN COLONIES",TOTAL,NOT SPECIFIED,0,
SURVEY,2019,JUL THRU SEP,,STATE,HAWAII,HI,15,,,,,,,0,,HONEY,"HONEY, BEE COLONIES - LOSS, DEADOUT, MEASURED IN COLONIES",TOTAL,NOT SPECIFIED,200,
SURVEY,2019,OCT THRU DEC,,STATE,HAWAII,HI,15,,,,,,,0,,HONEY,"HONEY, BEE COLONIES - LOSS, COLONY COLLAPSE DISORDER, MEASURED IN COLONIES",TOTAL,NOT SPECIFIED,60,
SURVEY,2019,OCT THRU DEC,,STATE,HAWAII,HI,15,,,,,,,0,,HONEY,"HONEY, BEE COLONIES - LOSS, DEADOUT, MEASURED IN COLONIES",TOTAL,NOT SPECIFIED,"1,300",
SURVEY,2020,JAN THRU MAR,,STATE,IDAHO,ID,16,,,,,,,0,,HONEY,"HONEY, BEE COLONIES - LOSS, COLONY COLLAPSE DISORDER, MEASURED IN COLONIES",TOTAL,NOT SPECIFIED,"5,500",
SURVEY,2020,JAN THRU MAR,,STATE,IDAHO,ID,16,,,,,,,0,,HONEY,"HONEY, BEE COLONIES - LOSS, DEADOUT, MEASURED IN COLONIES",TOTAL,NOT SPECIFIED,"18,500",
SURVEY,2020,APR THRU JUN,,STATE,IDAHO,ID,16,,,,,,,0,,HONEY,"HONEY, BEE COLONIES - LOSS, COLONY COLLAPSE DISORDER, MEASURED IN COLONIES",TOTAL,NOT SPECIFIED,"2,400",
SURVEY,2020,APR THRU JUN,,STATE,IDAHO,ID,16,,,,,,,0,,HONEY,"HONEY, BEE COLONIES - LOSS, DEADOUT, MEASURED IN COLONIES",TOTAL,NOT SPECIFIED,"14,500",
SURVEY,2019,JAN THRU MAR,,STATE,IDAHO,ID,16,,,,,,,0,,HONEY,"HONEY, BEE COLONIES - LOSS, COLONY COLLAPSE DISORDER, MEASURED IN COLONIES",TOTAL,NOT SPECIFIED,"3,700",
SURVEY,2019,JAN THRU MAR,,STATE,IDAHO,ID,16,,,,,,,0,,HONEY,"HONEY, BEE COLONIES - LOSS, DEADOUT, MEASURED IN COLONIES",TOTAL,NOT SPECIFIED,"12,500",
SURVEY,2019,JUL THRU SEP,,STATE,IDAHO,ID,16,,,,,,,0,,HONEY,"HONEY, BEE COLONIES - LOSS, COLONY COLLAPSE DISORDER, MEASURED IN COLONIES",TOTAL,NOT SPECIFIED,"1,100",
SURVEY,2019,JUL THRU SEP,,STATE,IDAHO,ID,16,,,,,,,0,,HONEY,"HONEY, BEE COLONIES - LOSS, DEADOUT, MEASURED IN COLONIES",TOTAL,NOT SPECIFIED,"10,500",
SURVEY,2019,OCT THRU DEC,,STATE,IDAHO,ID,16,,,,,,,0,,HONEY,"HONEY, BEE COLONIES - LOSS, COLONY COLLAPSE DISORDER, MEASURED IN COLONIES",TOTAL,NOT SPECIFIED,"3,300",
SURVEY,2019,OCT THRU DEC,,STATE,IDAHO,ID,16,,,,,,,0,,HONEY,"HONEY, BEE COLONIES - LOSS, DEADOUT, MEASURED IN COLONIES",TOTAL,NOT SPECIFIED,"15,500",
SURVEY,2020,JAN THRU MAR,,STATE,ILLINOIS,IL,17,,,,,,,0,,HONEY,"HONEY, BEE COLONIES - LOSS, COLONY COLLAPSE DISORDER, MEASURED IN COLONIES",TOTAL,NOT SPECIFIED,520,
SURVEY,2020,JAN THRU MAR,,STATE,ILLINOIS,IL,17,,,,,,,0,,HONEY,"HONEY, BEE COLONIES - LOSS, DEADOUT, MEASURED IN COLONIES",TOTAL,NOT SPECIFIED,"2,100",
SURVEY,2020,APR THRU JUN,,STATE,ILLINOIS,IL,17,,,,,,,0,,HONEY,"HONEY, BEE COLONIES - LOSS, COLONY COLLAPSE DISORDER, MEASURED IN COLONIES",TOTAL,NOT SPECIFIED,190,
SURVEY,2020,APR THRU JUN,,STATE,ILLINOIS,IL,17,,,,,,,0,,HONEY,"HONEY, BEE COLONIES - LOSS, DEADOUT, MEASURED IN COLONIES",TOTAL,NOT SPECIFIED,"1,500",
SURVEY,2019,JAN THRU MAR,,STATE,ILLINOIS,IL,17,,,,,,,0,,HONEY,"HONEY, BEE COLONIES - LOSS, COLONY COLLAPSE DISORDER, MEASURED IN COLONIES",TOTAL,NOT SPECIFIED,530,
SURVEY,2019,JAN THRU MAR,,STATE,ILLINOIS,IL,17,,,,,,,0,,HONEY,"HONEY, BEE COLONIES - LOSS, DEADOUT, MEASURED IN COLONIES",TOTAL,NOT SPECIFIED,"2,300",
SURVEY,2019,JUL THRU SEP,,STATE,ILLINOIS,IL,17,,,,,,,0,,HONEY,"HONEY, BEE COLONIES - LOSS, COLONY COLLAPSE DISORDER, MEASURED IN COLONIES",TOTAL,NOT SPECIFIED,100,
SURVEY,2019,JUL THRU SEP,,STATE,ILLINOIS,IL,17,,,,,,,0,,HONEY,"HONEY, BEE COLONIES - LOSS, DEADOUT, MEASURED IN COLONIES",TOTAL,NOT SPECIFIED,940,
SURVEY,2019,OCT THRU DEC,,STATE,ILLINOIS,IL,17,,,,,,,0,,HONEY,"HONEY, BEE COLONIES - LOSS, COLONY COLLAPSE DISORDER, MEASURED IN COLONIES",TOTAL,NOT SPECIFIED,380,
SURVEY,2019,OCT THRU DEC,,STATE,ILLINOIS,IL,17,,,,,,,0,,HONEY,"HONEY, BEE COLONIES - LOSS, DEADOUT, MEASURED IN COLONIES",TOTAL,NOT SPECIFIED,"1,700",
SURVEY,2020,JAN THRU MAR,,STATE,INDIANA,IN,18,,,,,,,0,,HONEY,"HONEY, BEE COLONIES - LOSS, COLONY COLLAPSE DISORDER, MEASURED IN COLONIES",TOTAL,NOT SPECIFIED,210,
SURVEY,2020,JAN THRU MAR,,STATE,INDIANA,IN,18,,,,,,,0,,HONEY,"HONEY, BEE COLONIES - LOSS, DEADOUT, MEASURED IN COLONIES",TOTAL,NOT SPECIFIED,"1,600",
SURVEY,2020,APR THRU JUN,,STATE,INDIANA,IN,18,,,,,,,0,,HONEY,"HONEY, BEE COLONIES - LOSS, COLONY COLLAPSE DISORDER, MEASURED IN COLONIES",TOTAL,NOT SPECIFIED,30,
SURVEY,2020,APR THRU JUN,,STATE,INDIANA,IN,18,,,,,,,0,,HONEY,"HONEY, BEE COLONIES - LOSS, DEADOUT, MEASURED IN COLONIES",TOTAL,NOT SPECIFIED,920,
SURVEY,2019,JAN THRU MAR,,STATE,INDIANA,IN,18,,,,,,,0,,HONEY,"HONEY, BEE COLONIES - LOSS, COLONY COLLAPSE DISORDER, MEASURED IN COLONIES",TOTAL,NOT SPECIFIED,150,
SURVEY,2019,JAN THRU MAR,,STATE,INDIANA,IN,18,,,,,,,0,,HONEY,"HONEY, BEE COLONIES - LOSS, DEADOUT, MEASURED IN COLONIES",TOTAL,NOT SPECIFIED,710,
SURVEY,2019,JUL THRU SEP,,STATE,INDIANA,IN,18,,,,,,,0,,HONEY,"HONEY, BEE COLONIES - LOSS, COLONY COLLAPSE DISORDER, MEASURED IN COLONIES",TOTAL,NOT SPECIFIED,90,
SURVEY,2019,JUL THRU SEP,,STATE,INDIANA,IN,18,,,,,,,0,,HONEY,"HONEY, BEE COLONIES - LOSS, DEADOUT, MEASURED IN COLONIES",TOTAL,NOT SPECIFIED,"1,000",
SURVEY,2019,OCT THRU DEC,,STATE,INDIANA,IN,18,,,,,,,0,,HONEY,"HONEY, BEE COLONIES - LOSS, COLONY COLLAPSE DISORDER, MEASURED IN COLONIES",TOTAL,NOT SPECIFIED,370,
SURVEY,2019,OCT THRU DEC,,STATE,INDIANA,IN,18,,,,,,,0,,HONEY,"HONEY, BEE COLONIES - LOSS, DEADOUT, MEASURED IN COLONIES",TOTAL,NOT SPECIFIED,"1,300",
SURVEY,2020,JAN THRU MAR,,STATE,IOWA,IA,19,,,,,,,0,,HONEY,"HONEY, BEE COLONIES - LOSS, COLONY COLLAPSE DISORDER, MEASURED IN COLONIES",TOTAL,NOT SPECIFIED,620,
SURVEY,2020,JAN THRU MAR,,STATE,IOWA,IA,19,,,,,,,0,,HONEY,"HONEY, BEE COLONIES - LOSS, DEADOUT, MEASURED IN COLONIES",TOTAL,NOT SPECIFIED,"1,600",
SURVEY,2020,APR THRU JUN,,STATE,IOWA,IA,19,,,,,,,0,,HONEY,"HONEY, BEE COLONIES - LOSS, COLONY COLLAPSE DISORDER, MEASURED IN COLONIES",TOTAL,NOT SPECIFIED,440,
SURVEY,2020,APR THRU JUN,,STATE,IOWA,IA,19,,,,,,,0,,HONEY,"HONEY, BEE COLONIES - LOSS, DEADOUT, MEASURED IN COLONIES",TOTAL,NOT SPECIFIED,"3,600",
SURVEY,2019,JAN THRU MAR,,STATE,IOWA,IA,19,,,,,,,0,,HONEY,"HONEY, BEE COLONIES - LOSS, COLONY COLLAPSE DISORDER, MEASURED IN COLONIES",TOTAL,NOT SPECIFIED,270,
SURVEY,2019,JAN THRU MAR,,STATE,IOWA,IA,19,,,,,,,0,,HONEY,"HONEY, BEE COLONIES - LOSS, DEADOUT, MEASURED IN COLONIES",TOTAL,NOT SPECIFIED,"1,600",
SURVEY,2019,JUL THRU SEP,,STATE,IOWA,IA,19,,,,,,,0,,HONEY,"HONEY, BEE COLONIES - LOSS, COLONY COLLAPSE DISORDER, MEASURED IN COLONIES",TOTAL,NOT SPECIFIED,250,
SURVEY,2019,JUL THRU SEP,,STATE,IOWA,IA,19,,,,,,,0,,HONEY,"HONEY, BEE COLONIES - LOSS, DEADOUT, MEASURED IN COLONIES",TOTAL,NOT SPECIFIED,"3,400",
SURVEY,2019,OCT THRU DEC,,STATE,IOWA,IA,19,,,,,,,0,,HONEY,"HONEY, BEE COLONIES - LOSS, COLONY COLLAPSE DISORDER, MEASURED IN COLONIES",TOTAL,NOT SPECIFIED,"1,600",
SURVEY,2019,OCT THRU DEC,,STATE,IOWA,IA,19,,,,,,,0,,HONEY,"HONEY, BEE COLONIES - LOSS, DEADOUT, MEASURED IN COLONIES",TOTAL,NOT SPECIFIED,"7,500",
SURVEY,2020,JAN THRU MAR,,STATE,KANSAS,KS,20,,,,,,,0,,HONEY,"HONEY, BEE COLONIES - LOSS, COLONY COLLAPSE DISORDER, MEASURED IN COLONIES",TOTAL,NOT SPECIFIED,700,
SURVEY,2020,JAN THRU MAR,,STATE,KANSAS,KS,20,,,,,,,0,,HONEY,"HONEY, BEE COLONIES - LOSS, DEADOUT, MEASURED IN COLONIES",TOTAL,NOT SPECIFIED,750,
SURVEY,2020,APR THRU JUN,,STATE,KANSAS,KS,20,,,,,,,0,,HONEY,"HONEY, BEE COLONIES - LOSS, COLONY COLLAPSE DISORDER, MEASURED IN COLONIES",TOTAL,NOT SPECIFIED,270,
SURVEY,2020,APR THRU JUN,,STATE,KANSAS,KS,20,,,,,,,0,,HONEY,"HONEY, BEE COLONIES - LOSS, DEADOUT, MEASURED IN COLONIES",TOTAL,NOT SPECIFIED,440,
SURVEY,2019,JAN THRU MAR,,STATE,KANSAS,KS,20,,,,,,,0,,HONEY,"HONEY, BEE COLONIES - LOSS, COLONY COLLAPSE DISORDER, MEASURED IN COLONIES",TOTAL,NOT SPECIFIED,430,
SURVEY,2019,JAN THRU MAR,,STATE,KANSAS,KS,20,,,,,,,0,,HONEY,"HONEY, BEE COLONIES - LOSS, DEADOUT, MEASURED IN COLONIES",TOTAL,NOT SPECIFIED,"1,500",
SURVEY,2019,JUL THRU SEP,,STATE,KANSAS,KS,20,,,,,,,0,,HONEY,"HONEY, BEE COLONIES - LOSS, COLONY COLLAPSE DISORDER, MEASURED IN COLONIES",TOTAL,NOT SPECIFIED,310,
SURVEY,2019,JUL THRU SEP,,STATE,KANSAS,KS,20,,,,,,,0,,HONEY,"HONEY, BEE COLONIES - LOSS, DEADOUT, MEASURED IN COLONIES",TOTAL,NOT SPECIFIED,"1,900",
SURVEY,2019,OCT THRU DEC,,STATE,KANSAS,KS,20,,,,,,,0,,HONEY,"HONEY, BEE COLONIES - LOSS, COLONY COLLAPSE DISORDER, MEASURED IN COLONIES",TOTAL,NOT SPECIFIED,130,
SURVEY,2019,OCT THRU DEC,,STATE,KANSAS,KS,20,,,,,,,0,,HONEY,"HONEY, BEE COLONIES - LOSS, DEADOUT, MEASURED IN COLONIES",TOTAL,NOT SPECIFIED,650,
SURVEY,2020,JAN THRU MAR,,STATE,KENTUCKY,KY,21,,,,,,,0,,HONEY,"HONEY, BEE COLONIES - LOSS, COLONY COLLAPSE DISORDER, MEASURED IN COLONIES",TOTAL,NOT SPECIFIED,140,
SURVEY,2020,JAN THRU MAR,,STATE,KENTUCKY,KY,21,,,,,,,0,,HONEY,"HONEY, BEE COLONIES - LOSS, DEADOUT, MEASURED IN COLONIES",TOTAL,NOT SPECIFIED,"1,200",
SURVEY,2020,APR THRU JUN,,STATE,KENTUCKY,KY,21,,,,,,,0,,HONEY,"HONEY, BEE COLONIES - LOSS, COLONY COLLAPSE DISORDER, MEASURED IN COLONIES",TOTAL,NOT SPECIFIED,120,
SURVEY,2020,APR THRU JUN,,STATE,KENTUCKY,KY,21,,,,,,,0,,HONEY,"HONEY, BEE COLONIES - LOSS, DEADOUT, MEASURED IN COLONIES",TOTAL,NOT SPECIFIED,"1,200",
SURVEY,2019,JAN THRU MAR,,STATE,KENTUCKY,KY,21,,,,,,,0,,HONEY,"HONEY, BEE COLONIES - LOSS, COLONY COLLAPSE DISORDER, MEASURED IN COLONIES",TOTAL,NOT SPECIFIED,70,
SURVEY,2019,JAN THRU MAR,,STATE,KENTUCKY,KY,21,,,,,,,0,,HONEY,"HONEY, BEE COLONIES - LOSS, DEADOUT, MEASURED IN COLONIES",TOTAL,NOT SPECIFIED,890,
SURVEY,2019,JUL THRU SEP,,STATE,KENTUCKY,KY,21,,,,,,,0,,HONEY,"HONEY, BEE COLONIES - LOSS, COLONY COLLAPSE DISORDER, MEASURED IN COLONIES",TOTAL,NOT SPECIFIED,200,
SURVEY,2019,JUL THRU SEP,,STATE,KENTUCKY,KY,21,,,,,,,0,,HONEY,"HONEY, BEE COLONIES - LOSS, DEADOUT, MEASURED IN COLONIES",TOTAL,NOT SPECIFIED,850,
SURVEY,2019,OCT THRU DEC,,STATE,KENTUCKY,KY,21,,,,,,,0,,HONEY,"HONEY, BEE COLONIES - LOSS, COLONY COLLAPSE DISORDER, MEASURED IN COLONIES",TOTAL,NOT SPECIFIED,110,
SURVEY,2019,OCT THRU DEC,,STATE,KENTUCKY,KY,21,,,,,,,0,,HONEY,"HONEY, BEE COLONIES - LOSS, DEADOUT, MEASURED IN COLONIES",TOTAL,NOT SPECIFIED,410,
SURVEY,2020,JAN THRU MAR,,STATE,LOUISIANA,LA,22,,,,,,,0,,HONEY,"HONEY, BEE COLONIES - LOSS, COLONY COLLAPSE DISORDER, MEASURED IN COLONIES",TOTAL,NOT SPECIFIED,640,
SURVEY,2020,JAN THRU MAR,,STATE,LOUISIANA,LA,22,,,,,,,0,,HONEY,"HONEY, BEE COLONIES - LOSS, DEADOUT, MEASURED IN COLONIES",TOTAL,NOT SPECIFIED,"4,800",
SURVEY,2020,APR THRU JUN,,STATE,LOUISIANA,LA,22,,,,,,,0,,HONEY,"HONEY, BEE COLONIES - LOSS, COLONY COLLAPSE DISORDER, MEASURED IN COLONIES",TOTAL,NOT SPECIFIED,650,
SURVEY,2020,APR THRU JUN,,STATE,LOUISIANA,LA,22,,,,,,,0,,HONEY,"HONEY, BEE COLONIES - LOSS, DEADOUT, MEASURED IN COLONIES",TOTAL,NOT SPECIFIED,"1,800",
SURVEY,2019,JAN THRU MAR,,STATE,LOUISIANA,LA,22,,,,,,,0,,HONEY,"HONEY, BEE COLONIES - LOSS, COLONY COLLAPSE DISORDER, MEASURED IN COLONIES",TOTAL,NOT SPECIFIED,550,
SURVEY,2019,JAN THRU MAR,,STATE,LOUISIANA,LA,22,,,,,,,0,,HONEY,"HONEY, BEE COLONIES - LOSS, DEADOUT, MEASURED IN COLONIES",TOTAL,NOT SPECIFIED,"3,500",
SURVEY,2019,JUL THRU SEP,,STATE,LOUISIANA,LA,22,,,,,,,0,,HONEY,"HONEY, BEE COLONIES - LOSS, COLONY COLLAPSE DISORDER, MEASURED IN COLONIES",TOTAL,NOT SPECIFIED,910,
SURVEY,2019,JUL THRU SEP,,STATE,LOUISIANA,LA,22,,,,,,,0,,HONEY,"HONEY, BEE COLONIES - LOSS, DEADOUT, MEASURED IN COLONIES",TOTAL,NOT SPECIFIED,"4,100",
SURVEY,2019,OCT THRU DEC,,STATE,LOUISIANA,LA,22,,,,,,,0,,HONEY,"HONEY, BEE COLONIES - LOSS, COLONY COLLAPSE DISORDER, MEASURED IN COLONIES",TOTAL,NOT SPECIFIED,810,
SURVEY,2019,OCT THRU DEC,,STATE,LOUISIANA,LA,22,,,,,,,0,,HONEY,"HONEY, BEE COLONIES - LOSS, DEADOUT, MEASURED IN COLONIES",TOTAL,NOT SPECIFIED,"2,300",
SURVEY,2020,JAN THRU MAR,,STATE,MAINE,ME,23,,,,,,,0,,HONEY,"HONEY, BEE COLONIES - LOSS, COLONY COLLAPSE DISORDER, MEASURED IN COLONIES",TOTAL,NOT SPECIFIED,60,
SURVEY,2020,JAN THRU MAR,,STATE,MAINE,ME,23,,,,,,,0,,HONEY,"HONEY, BEE COLONIES - LOSS, DEADOUT, MEASURED IN COLONIES",TOTAL,NOT SPECIFIED,130,
SURVEY,2020,APR THRU JUN,,STATE,MAINE,ME,23,,,,,,,0,,HONEY,"HONEY, BEE COLONIES - LOSS, COLONY COLLAPSE DISORDER, MEASURED IN COLONIES",TOTAL,NOT SPECIFIED,0,
SURVEY,2020,APR THRU JUN,,STATE,MAINE,ME,23,,,,,,,0,,HONEY,"HONEY, BEE COLONIES - LOSS, DEADOUT, MEASURED IN COLONIES",TOTAL,NOT SPECIFIED,"1,300",
SURVEY,2019,JAN THRU MAR,,STATE,MAINE,ME,23,,,,,,,0,,HONEY,"HONEY, BEE COLONIES - LOSS, COLONY COLLAPSE DISORDER, MEASURED IN COLONIES",TOTAL,NOT SPECIFIED,10,
SURVEY,2019,JAN THRU MAR,,STATE,MAINE,ME,23,,,,,,,0,,HONEY,"HONEY, BEE COLONIES - LOSS, DEADOUT, MEASURED IN COLONIES",TOTAL,NOT SPECIFIED,470,
SURVEY,2019,JUL THRU SEP,,STATE,MAINE,ME,23,,,,,,,0,,HONEY,"HONEY, BEE COLONIES - LOSS, COLONY COLLAPSE DISORDER, MEASURED IN COLONIES",TOTAL,NOT SPECIFIED,10,
SURVEY,2019,JUL THRU SEP,,STATE,MAINE,ME,23,,,,,,,0,,HONEY,"HONEY, BEE COLONIES - LOSS, DEADOUT, MEASURED IN COLONIES",TOTAL,NOT SPECIFIED,"1,100",
SURVEY,2019,OCT THRU DEC,,STATE,MAINE,ME,23,,,,,,,0,,HONEY,"HONEY, BEE COLONIES - LOSS, COLONY COLLAPSE DISORDER, MEASURED IN COLONIES",TOTAL,NOT SPECIFIED,100,
SURVEY,2019,OCT THRU DEC,,STATE,MAINE,ME,23,,,,,,,0,,HONEY,"HONEY, BEE COLONIES - LOSS, DEADOUT, MEASURED IN COLONIES",TOTAL,NOT SPECIFIED,770,
SURVEY,2020,JAN THRU MAR,,STATE,MARYLAND,MD,24,,,,,,,0,,HONEY,"HONEY, BEE COLONIES - LOSS, COLONY COLLAPSE DISORDER, MEASURED IN COLONIES",TOTAL,NOT SPECIFIED,380,
SURVEY,2020,JAN THRU MAR,,STATE,MARYLAND,MD,24,,,,,,,0,,HONEY,"HONEY, BEE COLONIES - LOSS, DEADOUT, MEASURED IN COLONIES",TOTAL,NOT SPECIFIED,640,
SURVEY,2020,APR THRU JUN,,STATE,MARYLAND,MD,24,,,,,,,0,,HONEY,"HONEY, BEE COLONIES - LOSS, COLONY COLLAPSE DISORDER, MEASURED IN COLONIES",TOTAL,NOT SPECIFIED,0,
SURVEY,2020,APR THRU JUN,,STATE,MARYLAND,MD,24,,,,,,,0,,HONEY,"HONEY, BEE COLONIES - LOSS, DEADOUT, MEASURED IN COLONIES",TOTAL,NOT SPECIFIED,680,
SURVEY,2019,JAN THRU MAR,,STATE,MARYLAND,MD,24,,,,,,,0,,HONEY,"HONEY, BEE COLONIES - LOSS, COLONY COLLAPSE DISORDER, MEASURED IN COLONIES",TOTAL,NOT SPECIFIED,50,
SURVEY,2019,JAN THRU MAR,,STATE,MARYLAND,MD,24,,,,,,,0,,HONEY,"HONEY, BEE COLONIES - LOSS, DEADOUT, MEASURED IN COLONIES",TOTAL,NOT SPECIFIED,"2,300",
SURVEY,2019,JUL THRU SEP,,STATE,MARYLAND,MD,24,,,,,,,0,,HONEY,"HONEY, BEE COLONIES - LOSS, COLONY COLLAPSE DISORDER, MEASURED IN COLONIES",TOTAL,NOT SPECIFIED,50,
SURVEY,2019,JUL THRU SEP,,STATE,MARYLAND,MD,24,,,,,,,0,,HONEY,"HONEY, BEE COLONIES - LOSS, DEADOUT, MEASURED IN COLONIES",TOTAL,NOT SPECIFIED,790,
SURVEY,2019,OCT THRU DEC,,STATE,MARYLAND,MD,24,,,,,,,0,,HONEY,"HONEY, BEE COLONIES - LOSS, COLONY COLLAPSE DISORDER, MEASURED IN COLONIES",TOTAL,NOT SPECIFIED,260,
SURVEY,2019,OCT THRU DEC,,STATE,MARYLAND,MD,24,,,,,,,0,,HONEY,"HONEY, BEE COLONIES - LOSS, DEADOUT, MEASURED IN COLONIES",TOTAL,NOT SPECIFIED,"1,100",
SURVEY,2020,JAN THRU MAR,,STATE,MASSACHUSETTS,MA,25,,,,,,,0,,HONEY,"HONEY, BEE COLONIES - LOSS, COLONY COLLAPSE DISORDER, MEASURED IN COLONIES",TOTAL,NOT SPECIFIED,150,
SURVEY,2020,JAN THRU MAR,,STATE,MASSACHUSETTS,MA,25,,,,,,,0,,HONEY,"HONEY, BEE COLONIES - LOSS, DEADOUT, MEASURED IN COLONIES",TOTAL,NOT SPECIFIED,350,
SURVEY,2020,APR THRU JUN,,STATE,MASSACHUSETTS,MA,25,,,,,,,0,,HONEY,"HONEY, BEE COLONIES - LOSS, COLONY COLLAPSE DISORDER, MEASURED IN COLONIES",TOTAL,NOT SPECIFIED,50,
SURVEY,2020,APR THRU JUN,,STATE,MASSACHUSETTS,MA,25,,,,,,,0,,HONEY,"HONEY, BEE COLONIES - LOSS, DEADOUT, MEASURED IN COLONIES",TOTAL,NOT SPECIFIED,740,
SURVEY,2019,JAN THRU MAR,,STATE,MASSACHUSETTS,MA,25,,,,,,,0,,HONEY,"HONEY, BEE COLONIES - LOSS, COLONY COLLAPSE DISORDER, MEASURED IN COLONIES",TOTAL,NOT SPECIFIED,50,
SURVEY,2019,JAN THRU MAR,,STATE,MASSACHUSETTS,MA,25,,,,,,,0,,HONEY,"HONEY, BEE COLONIES - LOSS, DEADOUT, MEASURED IN COLONIES",TOTAL,NOT SPECIFIED,680,
SURVEY,2019,JUL THRU SEP,,STATE,MASSACHUSETTS,MA,25,,,,,,,0,,HONEY,"HONEY, BEE COLONIES - LOSS, COLONY COLLAPSE DISORDER, MEASURED IN COLONIES",TOTAL,NOT SPECIFIED,170,
SURVEY,2019,JUL THRU SEP,,STATE,MASSACHUSETTS,MA,25,,,,,,,0,,HONEY,"HONEY, BEE COLONIES - LOSS, DEADOUT, MEASURED IN COLONIES",TOTAL,NOT SPECIFIED,"1,100",
SURVEY,2019,OCT THRU DEC,,STATE,MASSACHUSETTS,MA,25,,,,,,,0,,HONEY,"HONEY, BEE COLONIES - LOSS, COLONY COLLAPSE DISORDER, MEASURED IN COLONIES",TOTAL,NOT SPECIFIED,410,
SURVEY,2019,OCT THRU DEC,,STATE,MASSACHUSETTS,MA,25,,,,,,,0,,HONEY,"HONEY, BEE COLONIES - LOSS, DEADOUT, MEASURED IN COLONIES",TOTAL,NOT SPECIFIED,"1,200",
SURVEY,2020,JAN THRU MAR,,STATE,MICHIGAN,MI,26,,,,,,,0,,HONEY,"HONEY, BEE COLONIES - LOSS, COLONY COLLAPSE DISORDER, MEASURED IN COLONIES",TOTAL,NOT SPECIFIED,"1,400",
SURVEY,2020,JAN THRU MAR,,STATE,MICHIGAN,MI,26,,,,,,,0,,HONEY,"HONEY, BEE COLONIES - LOSS, DEADOUT, MEASURED IN COLONIES",TOTAL,NOT SPECIFIED,"6,000",
SURVEY,2020,APR THRU JUN,,STATE,MICHIGAN,MI,26,,,,,,,0,,HONEY,"HONEY, BEE COLONIES - LOSS, COLONY COLLAPSE DISORDER, MEASURED IN COLONIES",TOTAL,NOT SPECIFIED,420,
SURVEY,2020,APR THRU JUN,,STATE,MICHIGAN,MI,26,,,,,,,0,,HONEY,"HONEY, BEE COLONIES - LOSS, DEADOUT, MEASURED IN COLONIES",TOTAL,NOT SPECIFIED,"2,600",
SURVEY,2019,JAN THRU MAR,,STATE,MICHIGAN,MI,26,,,,,,,0,,HONEY,"HONEY, BEE COLONIES - LOSS, COLONY COLLAPSE DISORDER, MEASURED IN COLONIES",TOTAL,NOT SPECIFIED,"3,300",
SURVEY,2019,JAN THRU MAR,,STATE,MICHIGAN,MI,26,,,,,,,0,,HONEY,"HONEY, BEE COLONIES - LOSS, DEADOUT, MEASURED IN COLONIES",TOTAL,NOT SPECIFIED,"6,500",
SURVEY,2019,JUL THRU SEP,,STATE,MICHIGAN,MI,26,,,,,,,0,,HONEY,"HONEY, BEE COLONIES - LOSS, COLONY COLLAPSE DISORDER, MEASURED IN COLONIES",TOTAL,NOT SPECIFIED,"1,800",
SURVEY,2019,JUL THRU SEP,,STATE,MICHIGAN,MI,26,,,,,,,0,,HONEY,"HONEY, BEE COLONIES - LOSS, DEADOUT, MEASURED IN COLONIES",TOTAL,NOT SPECIFIED,"11,000",
SURVEY,2019,OCT THRU DEC,,STATE,MICHIGAN,MI,26,,,,,,,0,,HONEY,"HONEY, BEE COLONIES - LOSS, COLONY COLLAPSE DISORDER, MEASURED IN COLONIES",TOTAL,NOT SPECIFIED,"2,600",
SURVEY,2019,OCT THRU DEC,,STATE,MICHIGAN,MI,26,,,,,,,0,,HONEY,"HONEY, BEE COLONIES - LOSS, DEADOUT, MEASURED IN COLONIES",TOTAL,NOT SPECIFIED,"6,500",
SURVEY,2020,JAN THRU MAR,,STATE,MINNESOTA,MN,27,,,,,,,0,,HONEY,"HONEY, BEE COLONIES - LOSS, COLONY COLLAPSE DISORDER, MEASURED IN COLONIES",TOTAL,NOT SPECIFIED,"6,500",
SURVEY,2020,JAN THRU MAR,,STATE,MINNESOTA,MN,27,,,,,,,0,,HONEY,"HONEY, BEE COLONIES - LOSS, DEADOUT, MEASURED IN COLONIES",TOTAL,NOT SPECIFIED,"1,000",
SURVEY,2020,APR THRU JUN,,STATE,MINNESOTA,MN,27,,,,,,,0,,HONEY,"HONEY, BEE COLONIES - LOSS, COLONY COLLAPSE DISORDER, MEASURED IN COLONIES",TOTAL,NOT SPECIFIED,870,
SURVEY,2020,APR THRU JUN,,STATE,MINNESOTA,MN,27,,,,,,,0,,HONEY,"HONEY, BEE COLONIES - LOSS, DEADOUT, MEASURED IN COLONIES",TOTAL,NOT SPECIFIED,"6,500",
SURVEY,2019,JAN THRU MAR,,STATE,MINNESOTA,MN,27,,,,,,,0,,HONEY,"HONEY, BEE COLONIES - LOSS, COLONY COLLAPSE DISORDER, MEASURED IN COLONIES",TOTAL,NOT SPECIFIED,"1,900",
SURVEY,2019,JAN THRU MAR,,STATE,MINNESOTA,MN,27,,,,,,,0,,HONEY,"HONEY, BEE COLONIES - LOSS, DEADOUT, MEASURED IN COLONIES",TOTAL,NOT SPECIFIED,"2,200",
SURVEY,2019,JUL THRU SEP,,STATE,MINNESOTA,MN,27,,,,,,,0,,HONEY,"HONEY, BEE COLONIES - LOSS, COLONY COLLAPSE DISORDER, MEASURED IN COLONIES",TOTAL,NOT SPECIFIED,"2,400",
SURVEY,2019,JUL THRU SEP,,STATE,MINNESOTA,MN,27,,,,,,,0,,HONEY,"HONEY, BEE COLONIES - LOSS, DEADOUT, MEASURED IN COLONIES",TOTAL,NOT SPECIFIED,"21,000",
SURVEY,2019,OCT THRU DEC,,STATE,MINNESOTA,MN,27,,,,,,,0,,HONEY,"HONEY, BEE COLONIES - LOSS, COLONY COLLAPSE DISORDER, MEASURED IN COLONIES",TOTAL,NOT SPECIFIED,"1,300",
SURVEY,2019,OCT THRU DEC,,STATE,MINNESOTA,MN,27,,,,,,,0,,HONEY,"HONEY, BEE COLONIES - LOSS, DEADOUT, MEASURED IN COLONIES",TOTAL,NOT SPECIFIED,"15,500",
SURVEY,2020,JAN THRU MAR,,STATE,MISSISSIPPI,MS,28,,,,,,,0,,HONEY,"HONEY, BEE COLONIES - LOSS, COLONY COLLAPSE DISORDER, MEASURED IN COLONIES",TOTAL,NOT SPECIFIED,800,
SURVEY,2020,JAN THRU MAR,,STATE,MISSISSIPPI,MS,28,,,,,,,0,,HONEY,"HONEY, BEE COLONIES - LOSS, DEADOUT, MEASURED IN COLONIES",TOTAL,NOT SPECIFIED,"5,000",
SURVEY,2020,APR THRU JUN,,STATE,MISSISSIPPI,MS,28,,,,,,,0,,HONEY,"HONEY, BEE COLONIES - LOSS, COLONY COLLAPSE DISORDER, MEASURED IN COLONIES",TOTAL,NOT SPECIFIED,260,
SURVEY,2020,APR THRU JUN,,STATE,MISSISSIPPI,MS,28,,,,,,,0,,HONEY,"HONEY, BEE COLONIES - LOSS, DEADOUT, MEASURED IN COLONIES",TOTAL,NOT SPECIFIED,"3,000",
SURVEY,2019,JAN THRU MAR,,STATE,MISSISSIPPI,MS,28,,,,,,,0,,HONEY,"HONEY, BEE COLONIES - LOSS, COLONY COLLAPSE DISORDER, MEASURED IN COLONIES",TOTAL,NOT SPECIFIED,160,
SURVEY,2019,JAN THRU MAR,,STATE,MISSISSIPPI,MS,28,,,,,,,0,,HONEY,"HONEY, BEE COLONIES - LOSS, DEADOUT, MEASURED IN COLONIES",TOTAL,NOT SPECIFIED,"2,400",
SURVEY,2019,JUL THRU SEP,,STATE,MISSISSIPPI,MS,28,,,,,,,0,,HONEY,"HONEY, BEE COLONIES - LOSS, COLONY COLLAPSE DISORDER, MEASURED IN COLONIES",TOTAL,NOT SPECIFIED,610,
SURVEY,2019,JUL THRU SEP,,STATE,MISSISSIPPI,MS,28,,,,,,,0,,HONEY,"HONEY, BEE COLONIES - LOSS, DEADOUT, MEASURED IN COLONIES",TOTAL,NOT SPECIFIED,"2,900",
SURVEY,2019,OCT THRU DEC,,STATE,MISSISSIPPI,MS,28,,,,,,,0,,HONEY,"HONEY, BEE COLONIES - LOSS, COLONY COLLAPSE DISORDER, MEASURED IN COLONIES",TOTAL,NOT SPECIFIED,470,
SURVEY,2019,OCT THRU DEC,,STATE,MISSISSIPPI,MS,28,,,,,,,0,,HONEY,"HONEY, BEE COLONIES - LOSS, DEADOUT, MEASURED IN COLONIES",TOTAL,NOT SPECIFIED,"3,400",
SURVEY,2020,JAN THRU MAR,,STATE,MISSOURI,MO,29,,,,,,,0,,HONEY,"HONEY, BEE COLONIES - LOSS, COLONY COLLAPSE DISORDER, MEASURED IN COLONIES",TOTAL,NOT SPECIFIED,160,
SURVEY,2020,JAN THRU MAR,,STATE,MISSOURI,MO,29,,,,,,,0,,HONEY,"HONEY, BEE COLONIES - LOSS, DEADOUT, MEASURED IN COLONIES",TOTAL,NOT SPECIFIED,"2,100",
SURVEY,2020,APR THRU JUN,,STATE,MISSOURI,MO,29,,,,,,,0,,HONEY,"HONEY, BEE COLONIES - LOSS, COLONY COLLAPSE DISORDER, MEASURED IN COLONIES",TOTAL,NOT SPECIFIED,200,
SURVEY,2020,APR THRU JUN,,STATE,MISSOURI,MO,29,,,,,,,0,,HONEY,"HONEY, BEE COLONIES - LOSS, DEADOUT, MEASURED IN COLONIES",TOTAL,NOT SPECIFIED,390,
SURVEY,2019,JAN THRU MAR,,STATE,MISSOURI,MO,29,,,,,,,0,,HONEY,"HONEY, BEE COLONIES - LOSS, COLONY COLLAPSE DISORDER, MEASURED IN COLONIES",TOTAL,NOT SPECIFIED,340,
SURVEY,2019,JAN THRU MAR,,STATE,MISSOURI,MO,29,,,,,,,0,,HONEY,"HONEY, BEE COLONIES - LOSS, DEADOUT, MEASURED IN COLONIES",TOTAL,NOT SPECIFIED,"1,100",
SURVEY,2019,JUL THRU SEP,,STATE,MISSOURI,MO,29,,,,,,,0,,HONEY,"HONEY, BEE COLONIES - LOSS, COLONY COLLAPSE DISORDER, MEASURED IN COLONIES",TOTAL,NOT SPECIFIED,20,
SURVEY,2019,JUL THRU SEP,,STATE,MISSOURI,MO,29,,,,,,,0,,HONEY,"HONEY, BEE COLONIES - LOSS, DEADOUT, MEASURED IN COLONIES",TOTAL,NOT SPECIFIED,500,
SURVEY,2019,OCT THRU DEC,,STATE,MISSOURI,MO,29,,,,,,,0,,HONEY,"HONEY, BEE COLONIES - LOSS, COLONY COLLAPSE DISORDER, MEASURED IN COLONIES",TOTAL,NOT SPECIFIED,170,
SURVEY,2019,OCT THRU DEC,,STATE,MISSOURI,MO,29,,,,,,,0,,HONEY,"HONEY, BEE COLONIES - LOSS, DEADOUT, MEASURED IN COLONIES",TOTAL,NOT SPECIFIED,"1,500",
SURVEY,2020,JAN THRU MAR,,STATE,MONTANA,MT,30,,,,,,,0,,HONEY,"HONEY, BEE COLONIES - LOSS, COLONY COLLAPSE DISORDER, MEASURED IN COLONIES",TOTAL,NOT SPECIFIED,"4,500",
SURVEY,2020,JAN THRU MAR,,STATE,MONTANA,MT,30,,,,,,,0,,HONEY,"HONEY, BEE COLONIES - LOSS, DEADOUT, MEASURED IN COLONIES",TOTAL,NOT SPECIFIED,150,
SURVEY,2020,APR THRU JUN,,STATE,MONTANA,MT,30,,,,,,,0,,HONEY,"HONEY, BEE COLONIES - LOSS, COLONY COLLAPSE DISORDER, MEASURED IN COLONIES",TOTAL,NOT SPECIFIED,"1,500",
SURVEY,2020,APR THRU JUN,,STATE,MONTANA,MT,30,,,,,,,0,,HONEY,"HONEY, BEE COLONIES - LOSS, DEADOUT, MEASURED IN COLONIES",TOTAL,NOT SPECIFIED,"3,800",
SURVEY,2019,JAN THRU MAR,,STATE,MONTANA,MT,30,,,,,,,0,,HONEY,"HONEY, BEE COLONIES - LOSS, COLONY COLLAPSE DISORDER, MEASURED IN COLONIES",TOTAL,NOT SPECIFIED,620,
SURVEY,2019,JAN THRU MAR,,STATE,MONTANA,MT,30,,,,,,,0,,HONEY,"HONEY, BEE COLONIES - LOSS, DEADOUT, MEASURED IN COLONIES",TOTAL,NOT SPECIFIED,"3,500",
SURVEY,2019,JUL THRU SEP,,STATE,MONTANA,MT,30,,,,,,,0,,HONEY,"HONEY, BEE COLONIES - LOSS, COLONY COLLAPSE DISORDER, MEASURED IN COLONIES",TOTAL,NOT SPECIFIED,"1,200",
SURVEY,2019,JUL THRU SEP,,STATE,MONTANA,MT,30,,,,,,,0,,HONEY,"HONEY, BEE COLONIES - LOSS, DEADOUT, MEASURED IN COLONIES",TOTAL,NOT SPECIFIED,"18,500",
SURVEY,2019,OCT THRU DEC,,STATE,MONTANA,MT,30,,,,,,,0,,HONEY,"HONEY, BEE COLONIES - LOSS, COLONY COLLAPSE DISORDER, MEASURED IN COLONIES",TOTAL,NOT SPECIFIED,"1,100",
SURVEY,2019,OCT THRU DEC,,STATE,MONTANA,MT,30,,,,,,,0,,HONEY,"HONEY, BEE COLONIES - LOSS, DEADOUT, MEASURED IN COLONIES",TOTAL,NOT SPECIFIED,"7,000",
SURVEY,2020,JAN THRU MAR,,STATE,NEBRASKA,NE,31,,,,,,,0,,HONEY,"HONEY, BEE COLONIES - LOSS, COLONY COLLAPSE DISORDER, MEASURED IN COLONIES",TOTAL,NOT SPECIFIED,"1,500",
SURVEY,2020,JAN THRU MAR,,STATE,NEBRASKA,NE,31,,,,,,,0,,HONEY,"HONEY, BEE COLONIES - LOSS, DEADOUT, MEASURED IN COLONIES",TOTAL,NOT SPECIFIED,670,
SURVEY,2020,APR THRU JUN,,STATE,NEBRASKA,NE,31,,,,,,,0,,HONEY,"HONEY, BEE COLONIES - LOSS, COLONY COLLAPSE DISORDER, MEASURED IN COLONIES",TOTAL,NOT SPECIFIED,700,
SURVEY,2020,APR THRU JUN,,STATE,NEBRASKA,NE,31,,,,,,,0,,HONEY,"HONEY, BEE COLONIES - LOSS, DEADOUT, MEASURED IN COLONIES",TOTAL,NOT SPECIFIED,"1,800",
SURVEY,2019,JAN THRU MAR,,STATE,NEBRASKA,NE,31,,,,,,,0,,HONEY,"HONEY, BEE COLONIES - LOSS, COLONY COLLAPSE DISORDER, MEASURED IN COLONIES",TOTAL,NOT SPECIFIED,"1,500",
SURVEY,2019,JAN THRU MAR,,STATE,NEBRASKA,NE,31,,,,,,,0,,HONEY,"HONEY, BEE COLONIES - LOSS, DEADOUT, MEASURED IN COLONIES",TOTAL,NOT SPECIFIED,"2,500",
SURVEY,2019,JUL THRU SEP,,STATE,NEBRASKA,NE,31,,,,,,,0,,HONEY,"HONEY, BEE COLONIES - LOSS, COLONY COLLAPSE DISORDER, MEASURED IN COLONIES",TOTAL,NOT SPECIFIED,540,
SURVEY,2019,JUL THRU SEP,,STATE,NEBRASKA,NE,31,,,,,,,0,,HONEY,"HONEY, BEE COLONIES - LOSS, DEADOUT, MEASURED IN COLONIES",TOTAL,NOT SPECIFIED,"3,700",
SURVEY,2019,OCT THRU DEC,,STATE,NEBRASKA,NE,31,,,,,,,0,,HONEY,"HONEY, BEE COLONIES - LOSS, COLONY COLLAPSE DISORDER, MEASURED IN COLONIES",TOTAL,NOT SPECIFIED,570,
SURVEY,2019,OCT THRU DEC,,STATE,NEBRASKA,NE,31,,,,,,,0,,HONEY,"HONEY, BEE COLONIES - LOSS, DEADOUT, MEASURED IN COLONIES",TOTAL,NOT SPECIFIED,"2,700",
SURVEY,2020,JAN THRU MAR,,STATE,NEW JERSEY,NJ,34,,,,,,,0,,HONEY,"HONEY, BEE COLONIES - LOSS, COLONY COLLAPSE DISORDER, MEASURED IN COLONIES",TOTAL,NOT SPECIFIED,60,
SURVEY,2020,JAN THRU MAR,,STATE,NEW JERSEY,NJ,34,,,,,,,0,,HONEY,"HONEY, BEE COLONIES - LOSS, DEADOUT, MEASURED IN COLONIES",TOTAL,NOT SPECIFIED,250,
SURVEY,2020,APR THRU JUN,,STATE,NEW JERSEY,NJ,34,,,,,,,0,,HONEY,"HONEY, BEE COLONIES - LOSS, COLONY COLLAPSE DISORDER, MEASURED IN COLONIES",TOTAL,NOT SPECIFIED,10,
SURVEY,2020,APR THRU JUN,,STATE,NEW JERSEY,NJ,34,,,,,,,0,,HONEY,"HONEY, BEE COLONIES - LOSS, DEADOUT, MEASURED IN COLONIES",TOTAL,NOT SPECIFIED,760,
SURVEY,2019,JAN THRU MAR,,STATE,NEW JERSEY,NJ,34,,,,,,,0,,HONEY,"HONEY, BEE COLONIES - LOSS, COLONY COLLAPSE DISORDER, MEASURED IN COLONIES",TOTAL,NOT SPECIFIED,0,
SURVEY,2019,JAN THRU MAR,,STATE,NEW JERSEY,NJ,34,,,,,,,0,,HONEY,"HONEY, BEE COLONIES - LOSS, DEADOUT, MEASURED IN COLONIES",TOTAL,NOT SPECIFIED,310,
SURVEY,2019,JUL THRU SEP,,STATE,NEW JERSEY,NJ,34,,,,,,,0,,HONEY,"HONEY, BEE COLONIES - LOSS, COLONY COLLAPSE DISORDER, MEASURED IN COLONIES",TOTAL,NOT SPECIFIED,240,
SURVEY,2019,JUL THRU SEP,,STATE,NEW JERSEY,NJ,34,,,,,,,0,,HONEY,"HONEY, BEE COLONIES - LOSS, DEADOUT, MEASURED IN COLONIES",TOTAL,NOT SPECIFIED,680,
SURVEY,2019,OCT THRU DEC,,STATE,NEW JERSEY,NJ,34,,,,,,,0,,HONEY,"HONEY, BEE COLONIES - LOSS, COLONY COLLAPSE DISORDER, MEASURED IN COLONIES",TOTAL,NOT SPECIFIED,60,
SURVEY,2019,OCT THRU DEC,,STATE,NEW JERSEY,NJ,34,,,,,,,0,,HONEY,"HONEY, BEE COLONIES - LOSS, DEADOUT, MEASURED IN COLONIES",TOTAL,NOT SPECIFIED,220,
SURVEY,2020,JAN THRU MAR,,STATE,NEW MEXICO,NM,35,,,,,,,0,,HONEY,"HONEY, BEE COLONIES - LOSS, COLONY COLLAPSE DISORDER, MEASURED IN COLONIES",TOTAL,NOT SPECIFIED,0,
SURVEY,2020,JAN THRU MAR,,STATE,NEW MEXICO,NM,35,,,,,,,0,,HONEY,"HONEY, BEE COLONIES - LOSS, DEADOUT, MEASURED IN COLONIES",TOTAL,NOT SPECIFIED,40,
SURVEY,2020,APR THRU JUN,,STATE,NEW MEXICO,NM,35,,,,,,,0,,HONEY,"HONEY, BEE COLONIES - LOSS, COLONY COLLAPSE DISORDER, MEASURED IN COLONIES",TOTAL,NOT SPECIFIED,0,
SURVEY,2020,APR THRU JUN,,STATE,NEW MEXICO,NM,35,,,,,,,0,,HONEY,"HONEY, BEE COLONIES - LOSS, DEADOUT, MEASURED IN COLONIES",TOTAL,NOT SPECIFIED,50,
SURVEY,2019,JAN THRU MAR,,STATE,NEW MEXICO,NM,35,,,,,,,0,,HONEY,"HONEY, BEE COLONIES - LOSS, COLONY COLLAPSE DISORDER, MEASURED IN COLONIES",TOTAL,NOT SPECIFIED,0,
SURVEY,2019,JAN THRU MAR,,STATE,NEW MEXICO,NM,35,,,,,,,0,,HONEY,"HONEY, BEE COLONIES - LOSS, DEADOUT, MEASURED IN COLONIES",TOTAL,NOT SPECIFIED,170,
SURVEY,2019,JUL THRU SEP,,STATE,NEW MEXICO,NM,35,,,,,,,0,,HONEY,"HONEY, BEE COLONIES - LOSS, COLONY COLLAPSE DISORDER, MEASURED IN COLONIES",TOTAL,NOT SPECIFIED,70,
SURVEY,2019,JUL THRU SEP,,STATE,NEW MEXICO,NM,35,,,,,,,0,,HONEY,"HONEY, BEE COLONIES - LOSS, DEADOUT, MEASURED IN COLONIES",TOTAL,NOT SPECIFIED,170,
SURVEY,2019,OCT THRU DEC,,STATE,NEW MEXICO,NM,35,,,,,,,0,,HONEY,"HONEY, BEE COLONIES - LOSS, COLONY COLLAPSE DISORDER, MEASURED IN COLONIES",TOTAL,NOT SPECIFIED,10,
SURVEY,2019,OCT THRU DEC,,STATE,NEW MEXICO,NM,35,,,,,,,0,,HONEY,"HONEY, BEE COLONIES - LOSS, DEADOUT, MEASURED IN COLONIES",TOTAL,NOT SPECIFIED,70,
SURVEY,2020,JAN THRU MAR,,STATE,NEW YORK,NY,36,,,,,,,0,,HONEY,"HONEY, BEE COLONIES - LOSS, COLONY COLLAPSE DISORDER, MEASURED IN COLONIES",TOTAL,NOT SPECIFIED,940,
SURVEY,2020,JAN THRU MAR,,STATE,NEW YORK,NY,36,,,,,,,0,,HONEY,"HONEY, BEE COLONIES - LOSS, DEADOUT, MEASURED IN COLONIES",TOTAL,NOT SPECIFIED,"3,700",
SURVEY,2020,APR THRU JUN,,STATE,NEW YORK,NY,36,,,,,,,0,,HONEY,"HONEY, BEE COLONIES - LOSS, COLONY COLLAPSE DISORDER, MEASURED IN COLONIES",TOTAL,NOT SPECIFIED,20,
SURVEY,2020,APR THRU JUN,,STATE,NEW YORK,NY,36,,,,,,,0,,HONEY,"HONEY, BEE COLONIES - LOSS, DEADOUT, MEASURED IN COLONIES",TOTAL,NOT SPECIFIED,"4,900",
SURVEY,2019,JAN THRU MAR,,STATE,NEW YORK,NY,36,,,,,,,0,,HONEY,"HONEY, BEE COLONIES - LOSS, COLONY COLLAPSE DISORDER, MEASURED IN COLONIES",TOTAL,NOT SPECIFIED,750,
SURVEY,2019,JAN THRU MAR,,STATE,NEW YORK,NY,36,,,,,,,0,,HONEY,"HONEY, BEE COLONIES - LOSS, DEADOUT, MEASURED IN COLONIES",TOTAL,NOT SPECIFIED,"3,400",
SURVEY,2019,JUL THRU SEP,,STATE,NEW YORK,NY,36,,,,,,,0,,HONEY,"HONEY, BEE COLONIES - LOSS, COLONY COLLAPSE DISORDER, MEASURED IN COLONIES",TOTAL,NOT SPECIFIED,"3,200",
SURVEY,2019,JUL THRU SEP,,STATE,NEW YORK,NY,36,,,,,,,0,,HONEY,"HONEY, BEE COLONIES - LOSS, DEADOUT, MEASURED IN COLONIES",TOTAL,NOT SPECIFIED,"8,500",
SURVEY,2019,OCT THRU DEC,,STATE,NEW YORK,NY,36,,,,,,,0,,HONEY,"HONEY, BEE COLONIES - LOSS, COLONY COLLAPSE DISORDER, MEASURED IN COLONIES",TOTAL,NOT SPECIFIED,960,
SURVEY,2019,OCT THRU DEC,,STATE,NEW YORK,NY,36,,,,,,,0,,HONEY,"HONEY, BEE COLONIES - LOSS, DEADOUT, MEASURED IN COLONIES",TOTAL,NOT SPECIFIED,"10,000",
SURVEY,2020,JAN THRU MAR,,STATE,NORTH CAROLINA,NC,37,,,,,,,0,,HONEY,"HONEY, BEE COLONIES - LOSS, COLONY COLLAPSE DISORDER, MEASURED IN COLONIES",TOTAL,NOT SPECIFIED,"1,900",
SURVEY,2020,JAN THRU MAR,,STATE,NORTH CAROLINA,NC,37,,,,,,,0,,HONEY,"HONEY, BEE COLONIES - LOSS, DEADOUT, MEASURED IN COLONIES",TOTAL,NOT SPECIFIED,"2,200",
SURVEY,2020,APR THRU JUN,,STATE,NORTH CAROLINA,NC,37,,,,,,,0,,HONEY,"HONEY, BEE COLONIES - LOSS, COLONY COLLAPSE DISORDER, MEASURED IN COLONIES",TOTAL,NOT SPECIFIED,290,
SURVEY,2020,APR THRU JUN,,STATE,NORTH CAROLINA,NC,37,,,,,,,0,,HONEY,"HONEY, BEE COLONIES - LOSS, DEADOUT, MEASURED IN COLONIES",TOTAL,NOT SPECIFIED,"1,600",
SURVEY,2019,JAN THRU MAR,,STATE,NORTH CAROLINA,NC,37,,,,,,,0,,HONEY,"HONEY, BEE COLONIES - LOSS, COLONY COLLAPSE DISORDER, MEASURED IN COLONIES",TOTAL,NOT SPECIFIED,350,
SURVEY,2019,JAN THRU MAR,,STATE,NORTH CAROLINA,NC,37,,,,,,,0,,HONEY,"HONEY, BEE COLONIES - LOSS, DEADOUT, MEASURED IN COLONIES",TOTAL,NOT SPECIFIED,"1,700",
SURVEY,2019,JUL THRU SEP,,STATE,NORTH CAROLINA,NC,37,,,,,,,0,,HONEY,"HONEY, BEE COLONIES - LOSS, COLONY COLLAPSE DISORDER, MEASURED IN COLONIES",TOTAL,NOT SPECIFIED,300,
SURVEY,2019,JUL THRU SEP,,STATE,NORTH CAROLINA,NC,37,,,,,,,0,,HONEY,"HONEY, BEE COLONIES - LOSS, DEADOUT, MEASURED IN COLONIES",TOTAL,NOT SPECIFIED,"2,700",
SURVEY,2019,OCT THRU DEC,,STATE,NORTH CAROLINA,NC,37,,,,,,,0,,HONEY,"HONEY, BEE COLONIES - LOSS, COLONY COLLAPSE DISORDER, MEASURED IN COLONIES",TOTAL,NOT SPECIFIED,360,
SURVEY,2019,OCT THRU DEC,,STATE,NORTH CAROLINA,NC,37,,,,,,,0,,HONEY,"HONEY, BEE COLONIES - LOSS, DEADOUT, MEASURED IN COLONIES",TOTAL,NOT SPECIFIED,"3,200",
SURVEY,2020,JAN THRU MAR,,STATE,NORTH DAKOTA,ND,38,,,,,,,0,,HONEY,"HONEY, BEE COLONIES - LOSS, COLONY COLLAPSE DISORDER, MEASURED IN COLONIES",TOTAL,NOT SPECIFIED,"11,500",
SURVEY,2020,JAN THRU MAR,,STATE,NORTH DAKOTA,ND,38,,,,,,,0,,HONEY,"HONEY, BEE COLONIES - LOSS, DEADOUT, MEASURED IN COLONIES",TOTAL,NOT SPECIFIED,"4,500",
SURVEY,2020,APR THRU JUN,,STATE,NORTH DAKOTA,ND,38,,,,,,,0,,HONEY,"HONEY, BEE COLONIES - LOSS, COLONY COLLAPSE DISORDER, MEASURED IN COLONIES",TOTAL,NOT SPECIFIED,"9,000",
SURVEY,2020,APR THRU JUN,,STATE,NORTH DAKOTA,ND,38,,,,,,,0,,HONEY,"HONEY, BEE COLONIES - LOSS, DEADOUT, MEASURED IN COLONIES",TOTAL,NOT SPECIFIED,"17,500",
SURVEY,2019,JAN THRU MAR,,STATE,NORTH DAKOTA,ND,38,,,,,,,0,,HONEY,"HONEY, BEE COLONIES - LOSS, COLONY COLLAPSE DISORDER, MEASURED IN COLONIES",TOTAL,NOT SPECIFIED,"1,600",
SURVEY,2019,JAN THRU MAR,,STATE,NORTH DAKOTA,ND,38,,,,,,,0,,HONEY,"HONEY, BEE COLONIES - LOSS, DEADOUT, MEASURED IN COLONIES",TOTAL,NOT SPECIFIED,"1,100",
SURVEY,2019,JUL THRU SEP,,STATE,NORTH DAKOTA,ND,38,,,,,,,0,,HONEY,"HONEY, BEE COLONIES - LOSS, COLONY COLLAPSE DISORDER, MEASURED IN COLONIES",TOTAL,NOT SPECIFIED,"7,000",
SURVEY,2019,JUL THRU SEP,,STATE,NORTH DAKOTA,ND,38,,,,,,,0,,HONEY,"HONEY, BEE COLONIES - LOSS, DEADOUT, MEASURED IN COLONIES",TOTAL,NOT SPECIFIED,"81,000",
SURVEY,2019,OCT THRU DEC,,STATE,NORTH DAKOTA,ND,38,,,,,,,0,,HONEY,"HONEY, BEE COLONIES - LOSS, COLONY COLLAPSE DISORDER, MEASURED IN COLONIES",TOTAL,NOT SPECIFIED,"1,900",
SURVEY,2019,OCT THRU DEC,,STATE,NORTH DAKOTA,ND,38,,,,,,,0,,HONEY,"HONEY, BEE COLONIES - LOSS, DEADOUT, MEASURED IN COLONIES",TOTAL,NOT SPECIFIED,"27,000",
SURVEY,2020,JAN THRU MAR,,STATE,OHIO,OH,39,,,,,,,0,,HONEY,"HONEY, BEE COLONIES - LOSS, COLONY COLLAPSE DISORDER, MEASURED IN COLONIES",TOTAL,NOT SPECIFIED,"3,900",
SURVEY,2020,JAN THRU MAR,,STATE,OHIO,OH,39,,,,,,,0,,HONEY,"HONEY, BEE COLONIES - LOSS, DEADOUT, MEASURED IN COLONIES",TOTAL,NOT SPECIFIED,"5,500",
SURVEY,2020,APR THRU JUN,,STATE,OHIO,OH,39,,,,,,,0,,HONEY,"HONEY, BEE COLONIES - LOSS, COLONY COLLAPSE DISORDER, MEASURED IN COLONIES",TOTAL,NOT SPECIFIED,130,
SURVEY,2020,APR THRU JUN,,STATE,OHIO,OH,39,,,,,,,0,,HONEY,"HONEY, BEE COLONIES - LOSS, DEADOUT, MEASURED IN COLONIES",TOTAL,NOT SPECIFIED,"1,700",
SURVEY,2019,JAN THRU MAR,,STATE,OHIO,OH,39,,,,,,,0,,HONEY,"HONEY, BEE COLONIES - LOSS, COLONY COLLAPSE DISORDER, MEASURED IN COLONIES",TOTAL,NOT SPECIFIED,"1,500",
SURVEY,2019,JAN THRU MAR,,STATE,OHIO,OH,39,,,,,,,0,,HONEY,"HONEY, BEE COLONIES - LOSS, DEADOUT, MEASURED IN COLONIES",TOTAL,NOT SPECIFIED,"3,500",
SURVEY,2019,JUL THRU SEP,,STATE,OHIO,OH,39,,,,,,,0,,HONEY,"HONEY, BEE COLONIES - LOSS, COLONY COLLAPSE DISORDER, MEASURED IN COLONIES",TOTAL,NOT SPECIFIED,220,
SURVEY,2019,JUL THRU SEP,,STATE,OHIO,OH,39,,,,,,,0,,HONEY,"HONEY, BEE COLONIES - LOSS, DEADOUT, MEASURED IN COLONIES",TOTAL,NOT SPECIFIED,"1,600",
SURVEY,2019,OCT THRU DEC,,STATE,OHIO,OH,39,,,,,,,0,,HONEY,"HONEY, BEE COLONIES - LOSS, COLONY COLLAPSE DISORDER, MEASURED IN COLONIES",TOTAL,NOT SPECIFIED,980,
SURVEY,2019,OCT THRU DEC,,STATE,OHIO,OH,39,,,,,,,0,,HONEY,"HONEY, BEE COLONIES - LOSS, DEADOUT, MEASURED IN COLONIES",TOTAL,NOT SPECIFIED,"2,700",
SURVEY,2020,JAN THRU MAR,,STATE,OKLAHOMA,OK,40,,,,,,,0,,HONEY,"HONEY, BEE COLONIES - LOSS, COLONY COLLAPSE DISORDER, MEASURED IN COLONIES",TOTAL,NOT SPECIFIED,60,
SURVEY,2020,JAN THRU MAR,,STATE,OKLAHOMA,OK,40,,,,,,,0,,HONEY,"HONEY, BEE COLONIES - LOSS, DEADOUT, MEASURED IN COLONIES",TOTAL,NOT SPECIFIED,700,
SURVEY,2020,APR THRU JUN,,STATE,OKLAHOMA,OK,40,,,,,,,0,,HONEY,"HONEY, BEE COLONIES - LOSS, COLONY COLLAPSE DISORDER, MEASURED IN COLONIES",TOTAL,NOT SPECIFIED,40,
SURVEY,2020,APR THRU JUN,,STATE,OKLAHOMA,OK,40,,,,,,,0,,HONEY,"HONEY, BEE COLONIES - LOSS, DEADOUT, MEASURED IN COLONIES",TOTAL,NOT SPECIFIED,"1,500",
SURVEY,2019,JAN THRU MAR,,STATE,OKLAHOMA,OK,40,,,,,,,0,,HONEY,"HONEY, BEE COLONIES - LOSS, COLONY COLLAPSE DISORDER, MEASURED IN COLONIES",TOTAL,NOT SPECIFIED,10,
SURVEY,2019,JAN THRU MAR,,STATE,OKLAHOMA,OK,40,,,,,,,0,,HONEY,"HONEY, BEE COLONIES - LOSS, DEADOUT, MEASURED IN COLONIES",TOTAL,NOT SPECIFIED,50,
SURVEY,2019,JUL THRU SEP,,STATE,OKLAHOMA,OK,40,,,,,,,0,,HONEY,"HONEY, BEE COLONIES - LOSS, COLONY COLLAPSE DISORDER, MEASURED IN COLONIES",TOTAL,NOT SPECIFIED,20,
SURVEY,2019,JUL THRU SEP,,STATE,OKLAHOMA,OK,40,,,,,,,0,,HONEY,"HONEY, BEE COLONIES - LOSS, DEADOUT, MEASURED IN COLONIES",TOTAL,NOT SPECIFIED,930,
SURVEY,2019,OCT THRU DEC,,STATE,OKLAHOMA,OK,40,,,,,,,0,,HONEY,"HONEY, BEE COLONIES - LOSS, COLONY COLLAPSE DISORDER, MEASURED IN COLONIES",TOTAL,NOT SPECIFIED,160,
SURVEY,2019,OCT THRU DEC,,STATE,OKLAHOMA,OK,40,,,,,,,0,,HONEY,"HONEY, BEE COLONIES - LOSS, DEADOUT, MEASURED IN COLONIES",TOTAL,NOT SPECIFIED,"2,500",
SURVEY,2020,JAN THRU MAR,,STATE,OREGON,OR,41,,,,,,,0,,HONEY,"HONEY, BEE COLONIES - LOSS, COLONY COLLAPSE DISORDER, MEASURED IN COLONIES",TOTAL,NOT SPECIFIED,950,
SURVEY,2020,JAN THRU MAR,,STATE,OREGON,OR,41,,,,,,,0,,HONEY,"HONEY, BEE COLONIES - LOSS, DEADOUT, MEASURED IN COLONIES",TOTAL,NOT SPECIFIED,"4,800",
SURVEY,2020,APR THRU JUN,,STATE,OREGON,OR,41,,,,,,,0,,HONEY,"HONEY, BEE COLONIES - LOSS, COLONY COLLAPSE DISORDER, MEASURED IN COLONIES",TOTAL,NOT SPECIFIED,"1,500",
SURVEY,2020,APR THRU JUN,,STATE,OREGON,OR,41,,,,,,,0,,HONEY,"HONEY, BEE COLONIES - LOSS, DEADOUT, MEASURED IN COLONIES",TOTAL,NOT SPECIFIED,"2,500",
SURVEY,2019,JAN THRU MAR,,STATE,OREGON,OR,41,,,,,,,0,,HONEY,"HONEY, BEE COLONIES - LOSS, COLONY COLLAPSE DISORDER, MEASURED IN COLONIES",TOTAL,NOT SPECIFIED,"2,300",
SURVEY,2019,JAN THRU MAR,,STATE,OREGON,OR,41,,,,,,,0,,HONEY,"HONEY, BEE COLONIES - LOSS, DEADOUT, MEASURED IN COLONIES",TOTAL,NOT SPECIFIED,"7,500",
SURVEY,2019,JUL THRU SEP,,STATE,OREGON,OR,41,,,,,,,0,,HONEY,"HONEY, BEE COLONIES - LOSS, COLONY COLLAPSE DISORDER, MEASURED IN COLONIES",TOTAL,NOT SPECIFIED,470,
SURVEY,2019,JUL THRU SEP,,STATE,OREGON,OR,41,,,,,,,0,,HONEY,"HONEY, BEE COLONIES - LOSS, DEADOUT, MEASURED IN COLONIES",TOTAL,NOT SPECIFIED,"8,000",
SURVEY,2019,OCT THRU DEC,,STATE,OREGON,OR,41,,,,,,,0,,HONEY,"HONEY, BEE COLONIES - LOSS, COLONY COLLAPSE DISORDER, MEASURED IN COLONIES",TOTAL,NOT SPECIFIED,"2,600",
SURVEY,2019,OCT THRU DEC,,STATE,OREGON,OR,41,,,,,,,0,,HONEY,"HONEY, BEE COLONIES - LOSS, DEADOUT, MEASURED IN COLONIES",TOTAL,NOT SPECIFIED,"15,000",
SURVEY,2020,JAN THRU MAR,,STATE,OTHER STATES,,,,,,,,,0,,HONEY,"HONEY, BEE COLONIES - LOSS, DEADOUT, MEASURED IN COLONIES",TOTAL,NOT SPECIFIED,440,
SURVEY,2020,APR THRU JUN,,STATE,OTHER STATES,,,,,,,,,0,,HONEY,"HONEY, BEE COLONIES - LOSS, DEADOUT, MEASURED IN COLONIES",TOTAL,NOT SPECIFIED,250,
SURVEY,2019,JAN THRU MAR,,STATE,OTHER STATES,,,,,,,,,0,,HONEY,"HONEY, BEE COLONIES - LOSS, COLONY COLLAPSE DISORDER, MEASURED IN COLONIES",TOTAL,NOT SPECIFIED,140,
SURVEY,2019,JAN THRU MAR,,STATE,OTHER STATES,,,,,,,,,0,,HONEY,"HONEY, BEE COLONIES - LOSS, DEADOUT, MEASURED IN COLONIES",TOTAL,NOT SPECIFIED,590,
SURVEY,2019,JUL THRU SEP,,STATE,OTHER STATES,,,,,,,,,0,,HONEY,"HONEY, BEE COLONIES - LOSS, COLONY COLLAPSE DISORDER, MEASURED IN COLONIES",TOTAL,NOT SPECIFIED,0,
SURVEY,2019,JUL THRU SEP,,STATE,OTHER STATES,,,,,,,,,0,,HONEY,"HONEY, BEE COLONIES - LOSS, DEADOUT, MEASURED IN COLONIES",TOTAL,NOT SPECIFIED,"2,080",
SURVEY,2019,OCT THRU DEC,,STATE,OTHER STATES,,,,,,,,,0,,HONEY,"HONEY, BEE COLONIES - LOSS, COLONY COLLAPSE DISORDER, MEASURED IN COLONIES",TOTAL,NOT SPECIFIED,0,
SURVEY,2019,OCT THRU DEC,,STATE,OTHER STATES,,,,,,,,,0,,HONEY,"HONEY, BEE COLONIES - LOSS, DEADOUT, MEASURED IN COLONIES",TOTAL,NOT SPECIFIED,"1,340",
SURVEY,2020,JAN THRU MAR,,STATE,PENNSYLVANIA,PA,42,,,,,,,0,,HONEY,"HONEY, BEE COLONIES - LOSS, COLONY COLLAPSE DISORDER, MEASURED IN COLONIES",TOTAL,NOT SPECIFIED,430,
SURVEY,2020,JAN THRU MAR,,STATE,PENNSYLVANIA,PA,42,,,,,,,0,,HONEY,"HONEY, BEE COLONIES - LOSS, DEADOUT, MEASURED IN COLONIES",TOTAL,NOT SPECIFIED,"1,000",
SURVEY,2020,APR THRU JUN,,STATE,PENNSYLVANIA,PA,42,,,,,,,0,,HONEY,"HONEY, BEE COLONIES - LOSS, COLONY COLLAPSE DISORDER, MEASURED IN COLONIES",TOTAL,NOT SPECIFIED,140,
SURVEY,2020,APR THRU JUN,,STATE,PENNSYLVANIA,PA,42,,,,,,,0,,HONEY,"HONEY, BEE COLONIES - LOSS, DEADOUT, MEASURED IN COLONIES",TOTAL,NOT SPECIFIED,"1,000",
SURVEY,2019,JAN THRU MAR,,STATE,PENNSYLVANIA,PA,42,,,,,,,0,,HONEY,"HONEY, BEE COLONIES - LOSS, COLONY COLLAPSE DISORDER, MEASURED IN COLONIES",TOTAL,NOT SPECIFIED,"1,200",
SURVEY,2019,JAN THRU MAR,,STATE,PENNSYLVANIA,PA,42,,,,,,,0,,HONEY,"HONEY, BEE COLONIES - LOSS, DEADOUT, MEASURED IN COLONIES",TOTAL,NOT SPECIFIED,"2,900",
SURVEY,2019,JUL THRU SEP,,STATE,PENNSYLVANIA,PA,42,,,,,,,0,,HONEY,"HONEY, BEE COLONIES - LOSS, COLONY COLLAPSE DISORDER, MEASURED IN COLONIES",TOTAL,NOT SPECIFIED,130,
SURVEY,2019,JUL THRU SEP,,STATE,PENNSYLVANIA,PA,42,,,,,,,0,,HONEY,"HONEY, BEE COLONIES - LOSS, DEADOUT, MEASURED IN COLONIES",TOTAL,NOT SPECIFIED,980,
SURVEY,2019,OCT THRU DEC,,STATE,PENNSYLVANIA,PA,42,,,,,,,0,,HONEY,"HONEY, BEE COLONIES - LOSS, COLONY COLLAPSE DISORDER, MEASURED IN COLONIES",TOTAL,NOT SPECIFIED,390,
SURVEY,2019,OCT THRU DEC,,STATE,PENNSYLVANIA,PA,42,,,,,,,0,,HONEY,"HONEY, BEE COLONIES - LOSS, DEADOUT, MEASURED IN COLONIES",TOTAL,NOT SPECIFIED,"3,800",
SURVEY,2020,JAN THRU MAR,,STATE,SOUTH CAROLINA,SC,45,,,,,,,0,,HONEY,"HONEY, BEE COLONIES - LOSS, COLONY COLLAPSE DISORDER, MEASURED IN COLONIES",TOTAL,NOT SPECIFIED,160,
SURVEY,2020,JAN THRU MAR,,STATE,SOUTH CAROLINA,SC,45,,,,,,,0,,HONEY,"HONEY, BEE COLONIES - LOSS, DEADOUT, MEASURED IN COLONIES",TOTAL,NOT SPECIFIED,800,
SURVEY,2020,APR THRU JUN,,STATE,SOUTH CAROLINA,SC,45,,,,,,,0,,HONEY,"HONEY, BEE COLONIES - LOSS, COLONY COLLAPSE DISORDER, MEASURED IN COLONIES",TOTAL,NOT SPECIFIED,310,
SURVEY,2020,APR THRU JUN,,STATE,SOUTH CAROLINA,SC,45,,,,,,,0,,HONEY,"HONEY, BEE COLONIES - LOSS, DEADOUT, MEASURED IN COLONIES",TOTAL,NOT SPECIFIED,"1,700",
SURVEY,2019,JAN THRU MAR,,STATE,SOUTH CAROLINA,SC,45,,,,,,,0,,HONEY,"HONEY, BEE COLONIES - LOSS, COLONY COLLAPSE DISORDER, MEASURED IN COLONIES",TOTAL,NOT SPECIFIED,110,
SURVEY,2019,JAN THRU MAR,,STATE,SOUTH CAROLINA,SC,45,,,,,,,0,,HONEY,"HONEY, BEE COLONIES - LOSS, DEADOUT, MEASURED IN COLONIES",TOTAL,NOT SPECIFIED,690,
SURVEY,2019,JUL THRU SEP,,STATE,SOUTH CAROLINA,SC,45,,,,,,,0,,HONEY,"HONEY, BEE COLONIES - LOSS, COLONY COLLAPSE DISORDER, MEASURED IN COLONIES",TOTAL,NOT SPECIFIED,80,
SURVEY,2019,JUL THRU SEP,,STATE,SOUTH CAROLINA,SC,45,,,,,,,0,,HONEY,"HONEY, BEE COLONIES - LOSS, DEADOUT, MEASURED IN COLONIES",TOTAL,NOT SPECIFIED,"2,200",
SURVEY,2019,OCT THRU DEC,,STATE,SOUTH CAROLINA,SC,45,,,,,,,0,,HONEY,"HONEY, BEE COLONIES - LOSS, COLONY COLLAPSE DISORDER, MEASURED IN COLONIES",TOTAL,NOT SPECIFIED,100,
SURVEY,2019,OCT THRU DEC,,STATE,SOUTH CAROLINA,SC,45,,,,,,,0,,HONEY,"HONEY, BEE COLONIES - LOSS, DEADOUT, MEASURED IN COLONIES",TOTAL,NOT SPECIFIED,"1,900",
SURVEY,2020,JAN THRU MAR,,STATE,SOUTH DAKOTA,SD,46,,,,,,,0,,HONEY,"HONEY, BEE COLONIES - LOSS, COLONY COLLAPSE DISORDER, MEASURED IN COLONIES",TOTAL,NOT SPECIFIED,"1,100",
SURVEY,2020,JAN THRU MAR,,STATE,SOUTH DAKOTA,SD,46,,,,,,,0,,HONEY,"HONEY, BEE COLONIES - LOSS, DEADOUT, MEASURED IN COLONIES",TOTAL,NOT SPECIFIED,"1,200",
SURVEY,2020,APR THRU JUN,,STATE,SOUTH DAKOTA,SD,46,,,,,,,0,,HONEY,"HONEY, BEE COLONIES - LOSS, COLONY COLLAPSE DISORDER, MEASURED IN COLONIES",TOTAL,NOT SPECIFIED,"2,800",
SURVEY,2020,APR THRU JUN,,STATE,SOUTH DAKOTA,SD,46,,,,,,,0,,HONEY,"HONEY, BEE COLONIES - LOSS, DEADOUT, MEASURED IN COLONIES",TOTAL,NOT SPECIFIED,"4,600",
SURVEY,2019,JAN THRU MAR,,STATE,SOUTH DAKOTA,SD,46,,,,,,,0,,HONEY,"HONEY, BEE COLONIES - LOSS, COLONY COLLAPSE DISORDER, MEASURED IN COLONIES",TOTAL,NOT SPECIFIED,"2,400",
SURVEY,2019,JAN THRU MAR,,STATE,SOUTH DAKOTA,SD,46,,,,,,,0,,HONEY,"HONEY, BEE COLONIES - LOSS, DEADOUT, MEASURED IN COLONIES",TOTAL,NOT SPECIFIED,"1,100",
SURVEY,2019,JUL THRU SEP,,STATE,SOUTH DAKOTA,SD,46,,,,,,,0,,HONEY,"HONEY, BEE COLONIES - LOSS, COLONY COLLAPSE DISORDER, MEASURED IN COLONIES",TOTAL,NOT SPECIFIED,"1,200",
SURVEY,2019,JUL THRU SEP,,STATE,SOUTH DAKOTA,SD,46,,,,,,,0,,HONEY,"HONEY, BEE COLONIES - LOSS, DEADOUT, MEASURED IN COLONIES",TOTAL,NOT SPECIFIED,"51,000",
SURVEY,2019,OCT THRU DEC,,STATE,SOUTH DAKOTA,SD,46,,,,,,,0,,HONEY,"HONEY, BEE COLONIES - LOSS, COLONY COLLAPSE DISORDER, MEASURED IN COLONIES",TOTAL,NOT SPECIFIED,"1,300",
SURVEY,2019,OCT THRU DEC,,STATE,SOUTH DAKOTA,SD,46,,,,,,,0,,HONEY,"HONEY, BEE COLONIES - LOSS, DEADOUT, MEASURED IN COLONIES",TOTAL,NOT SPECIFIED,"7,500",
SURVEY,2020,JAN THRU MAR,,STATE,TENNESSEE,TN,47,,,,,,,0,,HONEY,"HONEY, BEE COLONIES - LOSS, COLONY COLLAPSE DISORDER, MEASURED IN COLONIES",TOTAL,NOT SPECIFIED,410,
SURVEY,2020,JAN THRU MAR,,STATE,TENNESSEE,TN,47,,,,,,,0,,HONEY,"HONEY, BEE COLONIES - LOSS, DEADOUT, MEASURED IN COLONIES",TOTAL,NOT SPECIFIED,"1,500",
SURVEY,2020,APR THRU JUN,,STATE,TENNESSEE,TN,47,,,,,,,0,,HONEY,"HONEY, BEE COLONIES - LOSS, COLONY COLLAPSE DISORDER, MEASURED IN COLONIES",TOTAL,NOT SPECIFIED,210,
SURVEY,2020,APR THRU JUN,,STATE,TENNESSEE,TN,47,,,,,,,0,,HONEY,"HONEY, BEE COLONIES - LOSS, DEADOUT, MEASURED IN COLONIES",TOTAL,NOT SPECIFIED,"1,200",
SURVEY,2019,JAN THRU MAR,,STATE,TENNESSEE,TN,47,,,,,,,0,,HONEY,"HONEY, BEE COLONIES - LOSS, COLONY COLLAPSE DISORDER, MEASURED IN COLONIES",TOTAL,NOT SPECIFIED,320,
SURVEY,2019,JAN THRU MAR,,STATE,TENNESSEE,TN,47,,,,,,,0,,HONEY,"HONEY, BEE COLONIES - LOSS, DEADOUT, MEASURED IN COLONIES",TOTAL,NOT SPECIFIED,"1,500",
SURVEY,2019,JUL THRU SEP,,STATE,TENNESSEE,TN,47,,,,,,,0,,HONEY,"HONEY, BEE COLONIES - LOSS, COLONY COLLAPSE DISORDER, MEASURED IN COLONIES",TOTAL,NOT SPECIFIED,140,
SURVEY,2019,JUL THRU SEP,,STATE,TENNESSEE,TN,47,,,,,,,0,,HONEY,"HONEY, BEE COLONIES - LOSS, DEADOUT, MEASURED IN COLONIES",TOTAL,NOT SPECIFIED,"4,500",
SURVEY,2019,OCT THRU DEC,,STATE,TENNESSEE,TN,47,,,,,,,0,,HONEY,"HONEY, BEE COLONIES - LOSS, COLONY COLLAPSE DISORDER, MEASURED IN COLONIES",TOTAL,NOT SPECIFIED,390,
SURVEY,2019,OCT THRU DEC,,STATE,TENNESSEE,TN,47,,,,,,,0,,HONEY,"HONEY, BEE COLONIES - LOSS, DEADOUT, MEASURED IN COLONIES",TOTAL,NOT SPECIFIED,"1,300",
SURVEY,2020,JAN THRU MAR,,STATE,TEXAS,TX,48,,,,,,,0,,HONEY,"HONEY, BEE COLONIES - LOSS, COLONY COLLAPSE DISORDER, MEASURED IN COLONIES",TOTAL,NOT SPECIFIED,"4,200",
SURVEY,2020,JAN THRU MAR,,STATE,TEXAS,TX,48,,,,,,,0,,HONEY,"HONEY, BEE COLONIES - LOSS, DEADOUT, MEASURED IN COLONIES",TOTAL,NOT SPECIFIED,"35,000",
SURVEY,2020,APR THRU JUN,,STATE,TEXAS,TX,48,,,,,,,0,,HONEY,"HONEY, BEE COLONIES - LOSS, COLONY COLLAPSE DISORDER, MEASURED IN COLONIES",TOTAL,NOT SPECIFIED,"4,100",
SURVEY,2020,APR THRU JUN,,STATE,TEXAS,TX,48,,,,,,,0,,HONEY,"HONEY, BEE COLONIES - LOSS, DEADOUT, MEASURED IN COLONIES",TOTAL,NOT SPECIFIED,"25,000",
SURVEY,2019,JAN THRU MAR,,STATE,TEXAS,TX,48,,,,,,,0,,HONEY,"HONEY, BEE COLONIES - LOSS, COLONY COLLAPSE DISORDER, MEASURED IN COLONIES",TOTAL,NOT SPECIFIED,600,
SURVEY,2019,JAN THRU MAR,,STATE,TEXAS,TX,48,,,,,,,0,,HONEY,"HONEY, BEE COLONIES - LOSS, DEADOUT, MEASURED IN COLONIES",TOTAL,NOT SPECIFIED,"17,000",
SURVEY,2019,JUL THRU SEP,,STATE,TEXAS,TX,48,,,,,,,0,,HONEY,"HONEY, BEE COLONIES - LOSS, COLONY COLLAPSE DISORDER, MEASURED IN COLONIES",TOTAL,NOT SPECIFIED,"6,500",
SURVEY,2019,JUL THRU SEP,,STATE,TEXAS,TX,48,,,,,,,0,,HONEY,"HONEY, BEE COLONIES - LOSS, DEADOUT, MEASURED IN COLONIES",TOTAL,NOT SPECIFIED,"11,000",
SURVEY,2019,OCT THRU DEC,,STATE,TEXAS,TX,48,,,,,,,0,,HONEY,"HONEY, BEE COLONIES - LOSS, COLONY COLLAPSE DISORDER, MEASURED IN COLONIES",TOTAL,NOT SPECIFIED,"1,300",
SURVEY,2019,OCT THRU DEC,,STATE,TEXAS,TX,48,,,,,,,0,,HONEY,"HONEY, BEE COLONIES - LOSS, DEADOUT, MEASURED IN COLONIES",TOTAL,NOT SPECIFIED,"17,500",
SURVEY,2020,JAN THRU MAR,,STATE,UTAH,UT,49,,,,,,,0,,HONEY,"HONEY, BEE COLONIES - LOSS, COLONY COLLAPSE DISORDER, MEASURED IN COLONIES",TOTAL,NOT SPECIFIED,960,
SURVEY,2020,JAN THRU MAR,,STATE,UTAH,UT,49,,,,,,,0,,HONEY,"HONEY, BEE COLONIES - LOSS, DEADOUT, MEASURED IN COLONIES",TOTAL,NOT SPECIFIED,400,
SURVEY,2020,APR THRU JUN,,STATE,UTAH,UT,49,,,,,,,0,,HONEY,"HONEY, BEE COLONIES - LOSS, COLONY COLLAPSE DISORDER, MEASURED IN COLONIES",TOTAL,NOT SPECIFIED,130,
SURVEY,2020,APR THRU JUN,,STATE,UTAH,UT,49,,,,,,,0,,HONEY,"HONEY, BEE COLONIES - LOSS, DEADOUT, MEASURED IN COLONIES",TOTAL,NOT SPECIFIED,"2,700",
SURVEY,2019,JAN THRU MAR,,STATE,UTAH,UT,49,,,,,,,0,,HONEY,"HONEY, BEE COLONIES - LOSS, COLONY COLLAPSE DISORDER, MEASURED IN COLONIES",TOTAL,NOT SPECIFIED,"3,200",
SURVEY,2019,JAN THRU MAR,,STATE,UTAH,UT,49,,,,,,,0,,HONEY,"HONEY, BEE COLONIES - LOSS, DEADOUT, MEASURED IN COLONIES",TOTAL,NOT SPECIFIED,"1,800",
SURVEY,2019,JUL THRU SEP,,STATE,UTAH,UT,49,,,,,,,0,,HONEY,"HONEY, BEE COLONIES - LOSS, COLONY COLLAPSE DISORDER, MEASURED IN COLONIES",TOTAL,NOT SPECIFIED,950,
SURVEY,2019,JUL THRU SEP,,STATE,UTAH,UT,49,,,,,,,0,,HONEY,"HONEY, BEE COLONIES - LOSS, DEADOUT, MEASURED IN COLONIES",TOTAL,NOT SPECIFIED,"2,800",
SURVEY,2019,OCT THRU DEC,,STATE,UTAH,UT,49,,,,,,,0,,HONEY,"HONEY, BEE COLONIES - LOSS, COLONY COLLAPSE DISORDER, MEASURED IN COLONIES",TOTAL,NOT SPECIFIED,"2,000",
SURVEY,2019,OCT THRU DEC,,STATE,UTAH,UT,49,,,,,,,0,,HONEY,"HONEY, BEE COLONIES - LOSS, DEADOUT, MEASURED IN COLONIES",TOTAL,NOT SPECIFIED,"4,400",
SURVEY,2020,JAN THRU MAR,,STATE,VERMONT,VT,50,,,,,,,0,,HONEY,"HONEY, BEE COLONIES - LOSS, COLONY COLLAPSE DISORDER, MEASURED IN COLONIES",TOTAL,NOT SPECIFIED,60,
SURVEY,2020,JAN THRU MAR,,STATE,VERMONT,VT,50,,,,,,,0,,HONEY,"HONEY, BEE COLONIES - LOSS, DEADOUT, MEASURED IN COLONIES",TOTAL,NOT SPECIFIED,520,
SURVEY,2020,APR THRU JUN,,STATE,VERMONT,VT,50,,,,,,,0,,HONEY,"HONEY, BEE COLONIES - LOSS, COLONY COLLAPSE DISORDER, MEASURED IN COLONIES",TOTAL,NOT SPECIFIED,0,
SURVEY,2020,APR THRU JUN,,STATE,VERMONT,VT,50,,,,,,,0,,HONEY,"HONEY, BEE COLONIES - LOSS, DEADOUT, MEASURED IN COLONIES",TOTAL,NOT SPECIFIED,260,
SURVEY,2019,JAN THRU MAR,,STATE,VERMONT,VT,50,,,,,,,0,,HONEY,"HONEY, BEE COLONIES - LOSS, COLONY COLLAPSE DISORDER, MEASURED IN COLONIES",TOTAL,NOT SPECIFIED,40,
SURVEY,2019,JAN THRU MAR,,STATE,VERMONT,VT,50,,,,,,,0,,HONEY,"HONEY, BEE COLONIES - LOSS, DEADOUT, MEASURED IN COLONIES",TOTAL,NOT SPECIFIED,260,
SURVEY,2019,JUL THRU SEP,,STATE,VERMONT,VT,50,,,,,,,0,,HONEY,"HONEY, BEE COLONIES - LOSS, COLONY COLLAPSE DISORDER, MEASURED IN COLONIES",TOTAL,NOT SPECIFIED,10,
SURVEY,2019,JUL THRU SEP,,STATE,VERMONT,VT,50,,,,,,,0,,HONEY,"HONEY, BEE COLONIES - LOSS, DEADOUT, MEASURED IN COLONIES",TOTAL,NOT SPECIFIED,120,
SURVEY,2019,OCT THRU DEC,,STATE,VERMONT,VT,50,,,,,,,0,,HONEY,"HONEY, BEE COLONIES - LOSS, COLONY COLLAPSE DISORDER, MEASURED IN COLONIES",TOTAL,NOT SPECIFIED,0,
SURVEY,2019,OCT THRU DEC,,STATE,VERMONT,VT,50,,,,,,,0,,HONEY,"HONEY, BEE COLONIES - LOSS, DEADOUT, MEASURED IN COLONIES",TOTAL,NOT SPECIFIED,190,
SURVEY,2020,JAN THRU MAR,,STATE,VIRGINIA,VA,51,,,,,,,0,,HONEY,"HONEY, BEE COLONIES - LOSS, COLONY COLLAPSE DISORDER, MEASURED IN COLONIES",TOTAL,NOT SPECIFIED,370,
SURVEY,2020,JAN THRU MAR,,STATE,VIRGINIA,VA,51,,,,,,,0,,HONEY,"HONEY, BEE COLONIES - LOSS, DEADOUT, MEASURED IN COLONIES",TOTAL,NOT SPECIFIED,"1,100",
SURVEY,2020,APR THRU JUN,,STATE,VIRGINIA,VA,51,,,,,,,0,,HONEY,"HONEY, BEE COLONIES - LOSS, COLONY COLLAPSE DISORDER, MEASURED IN COLONIES",TOTAL,NOT SPECIFIED,170,
SURVEY,2020,APR THRU JUN,,STATE,VIRGINIA,VA,51,,,,,,,0,,HONEY,"HONEY, BEE COLONIES - LOSS, DEADOUT, MEASURED IN COLONIES",TOTAL,NOT SPECIFIED,"1,200",
SURVEY,2019,JAN THRU MAR,,STATE,VIRGINIA,VA,51,,,,,,,0,,HONEY,"HONEY, BEE COLONIES - LOSS, COLONY COLLAPSE DISORDER, MEASURED IN COLONIES",TOTAL,NOT SPECIFIED,150,
SURVEY,2019,JAN THRU MAR,,STATE,VIRGINIA,VA,51,,,,,,,0,,HONEY,"HONEY, BEE COLONIES - LOSS, DEADOUT, MEASURED IN COLONIES",TOTAL,NOT SPECIFIED,"1,100",
SURVEY,2019,JUL THRU SEP,,STATE,VIRGINIA,VA,51,,,,,,,0,,HONEY,"HONEY, BEE COLONIES - LOSS, COLONY COLLAPSE DISORDER, MEASURED IN COLONIES",TOTAL,NOT SPECIFIED,80,
SURVEY,2019,JUL THRU SEP,,STATE,VIRGINIA,VA,51,,,,,,,0,,HONEY,"HONEY, BEE COLONIES - LOSS, DEADOUT, MEASURED IN COLONIES",TOTAL,NOT SPECIFIED,570,
SURVEY,2019,OCT THRU DEC,,STATE,VIRGINIA,VA,51,,,,,,,0,,HONEY,"HONEY, BEE COLONIES - LOSS, COLONY COLLAPSE DISORDER, MEASURED IN COLONIES",TOTAL,NOT SPECIFIED,210,
SURVEY,2019,OCT THRU DEC,,STATE,VIRGINIA,VA,51,,,,,,,0,,HONEY,"HONEY, BEE COLONIES - LOSS, DEADOUT, MEASURED IN COLONIES",TOTAL,NOT SPECIFIED,"1,200",
SURVEY,2020,JAN THRU MAR,,STATE,WASHINGTON,WA,53,,,,,,,0,,HONEY,"HONEY, BEE COLONIES - LOSS, COLONY COLLAPSE DISORDER, MEASURED IN COLONIES",TOTAL,NOT SPECIFIED,"6,500",
SURVEY,2020,JAN THRU MAR,,STATE,WASHINGTON,WA,53,,,,,,,0,,HONEY,"HONEY, BEE COLONIES - LOSS, DEADOUT, MEASURED IN COLONIES",TOTAL,NOT SPECIFIED,"1,500",
SURVEY,2020,APR THRU JUN,,STATE,WASHINGTON,WA,53,,,,,,,0,,HONEY,"HONEY, BEE COLONIES - LOSS, COLONY COLLAPSE DISORDER, MEASURED IN COLONIES",TOTAL,NOT SPECIFIED,370,
SURVEY,2020,APR THRU JUN,,STATE,WASHINGTON,WA,53,,,,,,,0,,HONEY,"HONEY, BEE COLONIES - LOSS, DEADOUT, MEASURED IN COLONIES",TOTAL,NOT SPECIFIED,"3,100",
SURVEY,2019,JAN THRU MAR,,STATE,WASHINGTON,WA,53,,,,,,,0,,HONEY,"HONEY, BEE COLONIES - LOSS, COLONY COLLAPSE DISORDER, MEASURED IN COLONIES",TOTAL,NOT SPECIFIED,"5,500",
SURVEY,2019,JAN THRU MAR,,STATE,WASHINGTON,WA,53,,,,,,,0,,HONEY,"HONEY, BEE COLONIES - LOSS, DEADOUT, MEASURED IN COLONIES",TOTAL,NOT SPECIFIED,"7,000",
SURVEY,2019,JUL THRU SEP,,STATE,WASHINGTON,WA,53,,,,,,,0,,HONEY,"HONEY, BEE COLONIES - LOSS, COLONY COLLAPSE DISORDER, MEASURED IN COLONIES",TOTAL,NOT SPECIFIED,"4,500",
SURVEY,2019,JUL THRU SEP,,STATE,WASHINGTON,WA,53,,,,,,,0,,HONEY,"HONEY, BEE COLONIES - LOSS, DEADOUT, MEASURED IN COLONIES",TOTAL,NOT SPECIFIED,"21,000",
SURVEY,2019,OCT THRU DEC,,STATE,WASHINGTON,WA,53,,,,,,,0,,HONEY,"HONEY, BEE COLONIES - LOSS, COLONY COLLAPSE DISORDER, MEASURED IN COLONIES",TOTAL,NOT SPECIFIED,"7,000",
SURVEY,2019,OCT THRU DEC,,STATE,WASHINGTON,WA,53,,,,,,,0,,HONEY,"HONEY, BEE COLONIES - LOSS, DEADOUT, MEASURED IN COLONIES",TOTAL,NOT SPECIFIED,"12,500",
SURVEY,2020,JAN THRU MAR,,STATE,WEST VIRGINIA,WV,54,,,,,,,0,,HONEY,"HONEY, BEE COLONIES - LOSS, COLONY COLLAPSE DISORDER, MEASURED IN COLONIES",TOTAL,NOT SPECIFIED,200,
SURVEY,2020,JAN THRU MAR,,STATE,WEST VIRGINIA,WV,54,,,,,,,0,,HONEY,"HONEY, BEE COLONIES - LOSS, DEADOUT, MEASURED IN COLONIES",TOTAL,NOT SPECIFIED,"1,100",
SURVEY,2020,APR THRU JUN,,STATE,WEST VIRGINIA,WV,54,,,,,,,0,,HONEY,"HONEY, BEE COLONIES - LOSS, COLONY COLLAPSE DISORDER, MEASURED IN COLONIES",TOTAL,NOT SPECIFIED,130,
SURVEY,2020,APR THRU JUN,,STATE,WEST VIRGINIA,WV,54,,,,,,,0,,HONEY,"HONEY, BEE COLONIES - LOSS, DEADOUT, MEASURED IN COLONIES",TOTAL,NOT SPECIFIED,570,
SURVEY,2019,JAN THRU MAR,,STATE,WEST VIRGINIA,WV,54,,,,,,,0,,HONEY,"HONEY, BEE COLONIES - LOSS, COLONY COLLAPSE DISORDER, MEASURED IN COLONIES",TOTAL,NOT SPECIFIED,530,
SURVEY,2019,JAN THRU MAR,,STATE,WEST VIRGINIA,WV,54,,,,,,,0,,HONEY,"HONEY, BEE COLONIES - LOSS, DEADOUT, MEASURED IN COLONIES",TOTAL,NOT SPECIFIED,"1,300",
SURVEY,2019,JUL THRU SEP,,STATE,WEST VIRGINIA,WV,54,,,,,,,0,,HONEY,"HONEY, BEE COLONIES - LOSS, COLONY COLLAPSE DISORDER, MEASURED IN COLONIES",TOTAL,NOT SPECIFIED,290,
SURVEY,2019,JUL THRU SEP,,STATE,WEST VIRGINIA,WV,54,,,,,,,0,,HONEY,"HONEY, BEE COLONIES - LOSS, DEADOUT, MEASURED IN COLONIES",TOTAL,NOT SPECIFIED,"1,100",
SURVEY,2019,OCT THRU DEC,,STATE,WEST VIRGINIA,WV,54,,,,,,,0,,HONEY,"HONEY, BEE COLONIES - LOSS, COLONY COLLAPSE DISORDER, MEASURED IN COLONIES",TOTAL,NOT SPECIFIED,870,
SURVEY,2019,OCT THRU DEC,,STATE,WEST VIRGINIA,WV,54,,,,,,,0,,HONEY,"HONEY, BEE COLONIES - LOSS, DEADOUT, MEASURED IN COLONIES",TOTAL,NOT SPECIFIED,"1,500",
SURVEY,2020,JAN THRU MAR,,STATE,WISCONSIN,WI,55,,,,,,,0,,HONEY,"HONEY, BEE COLONIES - LOSS, COLONY COLLAPSE DISORDER, MEASURED IN COLONIES",TOTAL,NOT SPECIFIED,"1,600",
SURVEY,2020,JAN THRU MAR,,STATE,WISCONSIN,WI,55,,,,,,,0,,HONEY,"HONEY, BEE COLONIES - LOSS, DEADOUT, MEASURED IN COLONIES",TOTAL,NOT SPECIFIED,"1,500",
SURVEY,2020,APR THRU JUN,,STATE,WISCONSIN,WI,55,,,,,,,0,,HONEY,"HONEY, BEE COLONIES - LOSS, COLONY COLLAPSE DISORDER, MEASURED IN COLONIES",TOTAL,NOT SPECIFIED,90,
SURVEY,2020,APR THRU JUN,,STATE,WISCONSIN,WI,55,,,,,,,0,,HONEY,"HONEY, BEE COLONIES - LOSS, DEADOUT, MEASURED IN COLONIES",TOTAL,NOT SPECIFIED,"1,700",
SURVEY,2019,JAN THRU MAR,,STATE,WISCONSIN,WI,55,,,,,,,0,,HONEY,"HONEY, BEE COLONIES - LOSS, COLONY COLLAPSE DISORDER, MEASURED IN COLONIES",TOTAL,NOT SPECIFIED,800,
SURVEY,2019,JAN THRU MAR,,STATE,WISCONSIN,WI,55,,,,,,,0,,HONEY,"HONEY, BEE COLONIES - LOSS, DEADOUT, MEASURED IN COLONIES",TOTAL,NOT SPECIFIED,"3,700",
SURVEY,2019,JUL THRU SEP,,STATE,WISCONSIN,WI,55,,,,,,,0,,HONEY,"HONEY, BEE COLONIES - LOSS, COLONY COLLAPSE DISORDER, MEASURED IN COLONIES",TOTAL,NOT SPECIFIED,820,
SURVEY,2019,JUL THRU SEP,,STATE,WISCONSIN,WI,55,,,,,,,0,,HONEY,"HONEY, BEE COLONIES - LOSS, DEADOUT, MEASURED IN COLONIES",TOTAL,NOT SPECIFIED,"6,500",
SURVEY,2019,OCT THRU DEC,,STATE,WISCONSIN,WI,55,,,,,,,0,,HONEY,"HONEY, BEE COLONIES - LOSS, COLONY COLLAPSE DISORDER, MEASURED IN COLONIES",TOTAL,NOT SPECIFIED,"2,900",
SURVEY,2019,OCT THRU DEC,,STATE,WISCONSIN,WI,55,,,,,,,0,,HONEY,"HONEY, BEE COLONIES - LOSS, DEADOUT, MEASURED IN COLONIES",TOTAL,NOT SPECIFIED,"8,500",
SURVEY,2020,JAN THRU MAR,,STATE,WYOMING,WY,56,,,,,,,0,,HONEY,"HONEY, BEE COLONIES - LOSS, COLONY COLLAPSE DISORDER, MEASURED IN COLONIES",TOTAL,NOT SPECIFIED,"1,500",
SURVEY,2020,JAN THRU MAR,,STATE,WYOMING,WY,56,,,,,,,0,,HONEY,"HONEY, BEE COLONIES - LOSS, DEADOUT, MEASURED IN COLONIES",TOTAL,NOT SPECIFIED,140,
SURVEY,2020,APR THRU JUN,,STATE,WYOMING,WY,56,,,,,,,0,,HONEY,"HONEY, BEE COLONIES - LOSS, COLONY COLLAPSE DISORDER, MEASURED IN COLONIES",TOTAL,NOT SPECIFIED,500,
SURVEY,2020,APR THRU JUN,,STATE,WYOMING,WY,56,,,,,,,0,,HONEY,"HONEY, BEE COLONIES - LOSS, DEADOUT, MEASURED IN COLONIES",TOTAL,NOT SPECIFIED,"1,600",
SURVEY,2019,JAN THRU MAR,,STATE,WYOMING,WY,56,,,,,,,0,,HONEY,"HONEY, BEE COLONIES - LOSS, COLONY COLLAPSE DISORDER, MEASURED IN COLONIES",TOTAL,NOT SPECIFIED,980,
SURVEY,2019,JAN THRU MAR,,STATE,WYOMING,WY,56,,,,,,,0,,HONEY,"HONEY, BEE COLONIES - LOSS, DEADOUT, MEASURED IN COLONIES",TOTAL,NOT SPECIFIED,250,
SURVEY,2019,JUL THRU SEP,,STATE,WYOMING,WY,56,,,,,,,0,,HONEY,"HONEY, BEE COLONIES - LOSS, COLONY COLLAPSE DISORDER, MEASURED IN COLONIES",TOTAL,NOT SPECIFIED,"1,100",
SURVEY,2019,JUL THRU SEP,,STATE,WYOMING,WY,56,,,,,,,0,,HONEY,"HONEY, BEE COLONIES - LOSS, DEADOUT, MEASURED IN COLONIES",TOTAL,NOT SPECIFIED,"3,000",
SURVEY,2019,OCT THRU DEC,,STATE,WYOMING,WY,56,,,,,,,0,,HONEY,"HONEY, BEE COLONIES - LOSS, COLONY COLLAPSE DISORDER, MEASURED IN COLONIES",TOTAL,NOT SPECIFIED,"1,500",
SURVEY,2019,OCT THRU DEC,,STATE,WYOMING,WY,56,,,,,,,0,,HONEY,"HONEY, BEE COLONIES - LOSS, DEADOUT, MEASURED IN COLONIES",TOTAL,NOT SPECIFIED,"3,300",